Timestamp,Device_ID,Sensor_Data,Workload_Type,Processing_Tier,CPU_Usage(%),Memory_Usage(MB),Network_Latency(ms),Jitter(ms),Task_Execution_Time(ms),Predicted_Resource_Allocation(%),Actual_Resource_Allocation(%),Target
2024-03-25 12:00:00,D14,"Temp: 32°C, Humidity: 72%",Data Analytics,Device,24,2276,29,8,189,54,51,0
2024-03-25 12:00:10,D5,"Temp: 22°C, Humidity: 61%",Data Analytics,Device,57,6812,9,2,216,57,55,1
2024-03-25 12:00:20,D7,"Temp: 20°C, Humidity: 33%",Image Processing,Device,26,5004,8,3,185,52,56,0
2024-03-25 12:00:30,D18,"Temp: 26°C, Humidity: 45%",Data Analytics,Cloud,24,4455,16,5,72,58,56,1
2024-03-25 12:00:40,D1,"Temp: 23°C, Humidity: 46%",Image Processing,Cloud,27,5855,39,7,282,56,56,1
2024-03-25 12:00:50,D8,"Temp: 25°C, Humidity: 75%",Video Processing,Device,81,2072,40,7,239,52,52,1
2024-03-25 12:01:00,D8,"Temp: 24°C, Humidity: 72%",Network Traffic,Fog,47,6913,45,7,288,67,70,0
2024-03-25 12:01:10,D7,"Temp: 38°C, Humidity: 52%",Image Processing,Edge,34,4098,44,2,288,70,68,1
2024-03-25 12:01:20,D11,"Temp: 31°C, Humidity: 58%",Video Processing,Fog,81,6433,19,5,141,70,65,0
2024-03-25 12:01:30,D15,"Temp: 22°C, Humidity: 63%",Data Analytics,Device,32,1976,20,7,161,74,71,0
2024-03-25 12:01:40,D13,"Temp: 25°C, Humidity: 32%",Data Analytics,Fog,44,625,26,5,286,81,80,1
2024-03-25 12:01:50,D8,"Temp: 33°C, Humidity: 64%",Data Analytics,Cloud,58,4476,19,7,215,72,67,0
2024-03-25 12:02:00,D16,"Temp: 21°C, Humidity: 62%",Image Processing,Fog,48,6590,15,3,104,57,54,0
2024-03-25 12:02:10,D14,"Temp: 36°C, Humidity: 54%",Data Analytics,Fog,14,1442,19,6,92,54,54,1
2024-03-25 12:02:20,D6,"Temp: 22°C, Humidity: 71%",Data Analytics,Cloud,79,5512,23,3,281,59,55,0
2024-03-25 12:02:30,D8,"Temp: 23°C, Humidity: 79%",Image Processing,Edge,51,6215,7,5,270,76,75,1
2024-03-25 12:02:40,D3,"Temp: 21°C, Humidity: 65%",Image Processing,Edge,81,4501,49,4,265,51,50,1
2024-03-25 12:02:50,D6,"Temp: 21°C, Humidity: 70%",Data Analytics,Fog,26,6832,33,9,249,70,68,1
2024-03-25 12:03:00,D8,"Temp: 22°C, Humidity: 60%",Network Traffic,Cloud,81,3655,39,2,119,73,68,0
2024-03-25 12:03:10,D16,"Temp: 29°C, Humidity: 74%",Data Analytics,Device,37,7415,46,3,96,71,67,0
2024-03-25 12:03:20,D17,"Temp: 36°C, Humidity: 56%",Data Analytics,Fog,36,2201,14,6,255,58,62,0
2024-03-25 12:03:30,D12,"Temp: 22°C, Humidity: 57%",Network Traffic,Edge,33,3416,41,5,234,58,61,0
2024-03-25 12:03:40,D11,"Temp: 29°C, Humidity: 31%",Image Processing,Device,83,3318,43,1,120,51,51,1
2024-03-25 12:03:50,D20,"Temp: 39°C, Humidity: 54%",Video Processing,Edge,88,2622,7,9,216,82,77,0
2024-03-25 12:04:00,D18,"Temp: 29°C, Humidity: 38%",Image Processing,Device,69,7396,37,7,106,50,53,0
2024-03-25 12:04:10,D16,"Temp: 39°C, Humidity: 64%",Image Processing,Cloud,24,3937,39,5,54,72,67,0
2024-03-25 12:04:20,D17,"Temp: 39°C, Humidity: 57%",Data Analytics,Edge,11,1939,44,3,74,69,68,1
2024-03-25 12:04:30,D17,"Temp: 34°C, Humidity: 69%",Network Traffic,Edge,49,2318,42,6,214,75,76,1
2024-03-25 12:04:40,D3,"Temp: 25°C, Humidity: 37%",Data Analytics,Device,26,2153,30,9,141,86,85,1
2024-03-25 12:04:50,D6,"Temp: 21°C, Humidity: 71%",Video Processing,Cloud,89,1199,21,3,260,53,50,0
2024-03-25 12:05:00,D2,"Temp: 28°C, Humidity: 51%",Video Processing,Cloud,29,6122,47,7,235,61,62,1
2024-03-25 12:05:10,D15,"Temp: 35°C, Humidity: 49%",Network Traffic,Device,32,1163,25,5,292,78,81,0
2024-03-25 12:05:20,D7,"Temp: 30°C, Humidity: 74%",Image Processing,Device,45,7966,36,1,147,85,86,1
2024-03-25 12:05:30,D15,"Temp: 36°C, Humidity: 77%",Data Analytics,Cloud,81,7330,6,7,188,72,69,0
2024-03-25 12:05:40,D17,"Temp: 21°C, Humidity: 72%",Data Analytics,Device,52,5534,45,9,170,69,66,0
2024-03-25 12:05:50,D1,"Temp: 31°C, Humidity: 63%",Video Processing,Fog,16,4961,12,7,134,85,85,1
2024-03-25 12:06:00,D5,"Temp: 39°C, Humidity: 64%",Image Processing,Fog,74,6037,42,6,241,83,81,1
2024-03-25 12:06:10,D11,"Temp: 21°C, Humidity: 72%",Video Processing,Edge,79,7847,40,8,165,59,56,0
2024-03-25 12:06:20,D14,"Temp: 36°C, Humidity: 55%",Network Traffic,Device,72,2126,36,1,229,61,60,1
2024-03-25 12:06:30,D10,"Temp: 30°C, Humidity: 76%",Image Processing,Fog,77,6850,10,5,141,80,81,1
2024-03-25 12:06:40,D15,"Temp: 32°C, Humidity: 53%",Image Processing,Cloud,11,1312,33,1,284,71,74,0
2024-03-25 12:06:50,D2,"Temp: 34°C, Humidity: 57%",Video Processing,Edge,26,2179,14,5,229,88,89,1
2024-03-25 12:07:00,D7,"Temp: 38°C, Humidity: 75%",Data Analytics,Device,74,3292,41,4,102,62,59,0
2024-03-25 12:07:10,D16,"Temp: 29°C, Humidity: 55%",Video Processing,Fog,64,2439,22,8,256,64,61,0
2024-03-25 12:07:20,D10,"Temp: 39°C, Humidity: 44%",Video Processing,Cloud,22,6803,47,6,51,70,71,1
2024-03-25 12:07:30,D20,"Temp: 33°C, Humidity: 69%",Network Traffic,Edge,74,2214,28,2,221,75,79,0
2024-03-25 12:07:40,D19,"Temp: 27°C, Humidity: 38%",Image Processing,Edge,63,4766,29,6,209,54,51,0
2024-03-25 12:07:50,D11,"Temp: 26°C, Humidity: 66%",Network Traffic,Edge,68,4386,22,3,253,68,69,1
2024-03-25 12:08:00,D12,"Temp: 23°C, Humidity: 71%",Data Analytics,Fog,32,732,34,7,137,66,70,0
2024-03-25 12:08:10,D10,"Temp: 27°C, Humidity: 56%",Image Processing,Fog,43,5093,36,7,224,78,77,1
2024-03-25 12:08:20,D12,"Temp: 27°C, Humidity: 51%",Image Processing,Cloud,77,5948,48,5,87,61,60,1
2024-03-25 12:08:30,D4,"Temp: 23°C, Humidity: 31%",Network Traffic,Cloud,15,3838,7,1,174,56,58,1
2024-03-25 12:08:40,D11,"Temp: 29°C, Humidity: 76%",Video Processing,Edge,14,7133,47,9,163,50,54,0
2024-03-25 12:08:50,D16,"Temp: 39°C, Humidity: 55%",Data Analytics,Edge,11,7047,15,4,201,82,78,0
2024-03-25 12:09:00,D2,"Temp: 29°C, Humidity: 78%",Data Analytics,Device,54,5679,24,8,89,81,82,1
2024-03-25 12:09:10,D1,"Temp: 31°C, Humidity: 37%",Network Traffic,Cloud,74,6888,23,5,294,53,52,1
2024-03-25 12:09:20,D8,"Temp: 33°C, Humidity: 79%",Network Traffic,Cloud,36,8005,41,1,217,55,52,0
2024-03-25 12:09:30,D5,"Temp: 25°C, Humidity: 79%",Network Traffic,Cloud,45,4356,47,2,206,59,54,0
2024-03-25 12:09:40,D9,"Temp: 34°C, Humidity: 76%",Image Processing,Fog,54,4606,19,2,85,58,61,0
2024-03-25 12:09:50,D13,"Temp: 29°C, Humidity: 70%",Video Processing,Device,12,6721,31,9,219,64,59,0
2024-03-25 12:10:00,D7,"Temp: 28°C, Humidity: 39%",Data Analytics,Cloud,32,4884,11,3,215,85,85,1
2024-03-25 12:10:10,D2,"Temp: 22°C, Humidity: 37%",Image Processing,Device,16,3046,19,2,225,80,78,1
2024-03-25 12:10:20,D5,"Temp: 25°C, Humidity: 49%",Video Processing,Edge,79,741,40,3,188,57,58,1
2024-03-25 12:10:30,D9,"Temp: 39°C, Humidity: 51%",Data Analytics,Edge,39,8169,35,7,107,58,53,0
2024-03-25 12:10:40,D9,"Temp: 26°C, Humidity: 63%",Network Traffic,Fog,35,5128,18,2,158,87,89,1
2024-03-25 12:10:50,D4,"Temp: 32°C, Humidity: 77%",Network Traffic,Edge,69,4035,42,5,255,72,70,1
2024-03-25 12:11:00,D10,"Temp: 26°C, Humidity: 34%",Video Processing,Device,59,3174,46,8,81,83,79,0
2024-03-25 12:11:10,D13,"Temp: 35°C, Humidity: 68%",Network Traffic,Edge,75,4628,15,3,278,71,71,1
2024-03-25 12:11:20,D9,"Temp: 33°C, Humidity: 42%",Network Traffic,Cloud,57,5457,38,7,112,53,51,1
2024-03-25 12:11:30,D6,"Temp: 31°C, Humidity: 46%",Network Traffic,Device,26,861,26,6,153,72,68,0
2024-03-25 12:11:40,D13,"Temp: 24°C, Humidity: 50%",Data Analytics,Cloud,49,663,14,2,251,52,53,1
2024-03-25 12:11:50,D17,"Temp: 38°C, Humidity: 59%",Network Traffic,Edge,57,5077,25,6,118,60,63,0
2024-03-25 12:12:00,D16,"Temp: 38°C, Humidity: 63%",Image Processing,Fog,19,6866,13,4,166,88,85,0
2024-03-25 12:12:10,D14,"Temp: 34°C, Humidity: 78%",Data Analytics,Fog,39,3114,11,6,288,56,58,1
2024-03-25 12:12:20,D7,"Temp: 38°C, Humidity: 69%",Image Processing,Cloud,63,915,7,4,184,55,57,1
2024-03-25 12:12:30,D18,"Temp: 36°C, Humidity: 56%",Image Processing,Edge,78,2145,5,2,54,81,80,1
2024-03-25 12:12:40,D14,"Temp: 26°C, Humidity: 73%",Video Processing,Fog,54,7318,33,7,238,50,53,0
2024-03-25 12:12:50,D7,"Temp: 32°C, Humidity: 43%",Image Processing,Edge,81,3217,24,3,253,83,81,1
2024-03-25 12:13:00,D18,"Temp: 37°C, Humidity: 34%",Video Processing,Cloud,75,6514,19,3,180,76,79,0
2024-03-25 12:13:10,D1,"Temp: 20°C, Humidity: 43%",Image Processing,Cloud,32,3376,27,1,59,76,71,0
2024-03-25 12:13:20,D3,"Temp: 35°C, Humidity: 59%",Image Processing,Cloud,24,552,13,2,250,83,86,0
2024-03-25 12:13:30,D3,"Temp: 27°C, Humidity: 64%",Network Traffic,Device,62,6188,45,8,145,63,62,1
2024-03-25 12:13:40,D20,"Temp: 26°C, Humidity: 51%",Video Processing,Device,25,7509,32,6,244,87,82,0
2024-03-25 12:13:50,D17,"Temp: 27°C, Humidity: 67%",Image Processing,Device,66,2613,10,2,61,80,82,1
2024-03-25 12:14:00,D5,"Temp: 24°C, Humidity: 52%",Video Processing,Edge,35,2035,41,4,286,63,66,0
2024-03-25 12:14:10,D13,"Temp: 39°C, Humidity: 56%",Video Processing,Device,56,922,5,7,246,84,87,0
2024-03-25 12:14:20,D12,"Temp: 25°C, Humidity: 63%",Video Processing,Edge,49,5247,34,6,251,76,73,0
2024-03-25 12:14:30,D17,"Temp: 31°C, Humidity: 62%",Data Analytics,Cloud,86,7479,18,6,239,86,84,1
2024-03-25 12:14:40,D9,"Temp: 22°C, Humidity: 46%",Video Processing,Device,41,7843,5,8,275,69,71,1
2024-03-25 12:14:50,D1,"Temp: 20°C, Humidity: 45%",Data Analytics,Edge,79,6336,7,9,183,71,72,1
2024-03-25 12:15:00,D6,"Temp: 33°C, Humidity: 46%",Network Traffic,Cloud,18,7002,6,9,265,59,55,0
2024-03-25 12:15:10,D10,"Temp: 34°C, Humidity: 64%",Image Processing,Device,82,1605,19,5,247,61,65,0
2024-03-25 12:15:20,D8,"Temp: 39°C, Humidity: 67%",Network Traffic,Fog,46,5733,25,8,239,62,65,0
2024-03-25 12:15:30,D2,"Temp: 24°C, Humidity: 65%",Network Traffic,Edge,15,7183,24,5,195,62,57,0
2024-03-25 12:15:40,D3,"Temp: 31°C, Humidity: 65%",Data Analytics,Device,89,8128,47,8,234,74,70,0
2024-03-25 12:15:50,D18,"Temp: 34°C, Humidity: 51%",Network Traffic,Device,22,3571,22,5,209,71,73,1
2024-03-25 12:16:00,D7,"Temp: 39°C, Humidity: 63%",Network Traffic,Cloud,79,2526,34,6,248,70,74,0
2024-03-25 12:16:10,D17,"Temp: 33°C, Humidity: 59%",Data Analytics,Edge,65,5463,13,1,78,82,83,1
2024-03-25 12:16:20,D12,"Temp: 39°C, Humidity: 32%",Data Analytics,Device,88,6806,40,2,64,82,79,0
2024-03-25 12:16:30,D3,"Temp: 26°C, Humidity: 48%",Video Processing,Cloud,51,5578,38,9,158,60,63,0
2024-03-25 12:16:40,D19,"Temp: 23°C, Humidity: 31%",Network Traffic,Edge,22,2413,32,5,165,89,92,0
2024-03-25 12:16:50,D17,"Temp: 39°C, Humidity: 45%",Network Traffic,Device,85,4338,41,8,160,82,81,1
2024-03-25 12:17:00,D20,"Temp: 25°C, Humidity: 42%",Video Processing,Edge,53,6978,35,7,223,84,81,0
2024-03-25 12:17:10,D16,"Temp: 27°C, Humidity: 78%",Video Processing,Cloud,65,5546,39,9,174,87,84,0
2024-03-25 12:17:20,D20,"Temp: 22°C, Humidity: 61%",Data Analytics,Fog,53,8184,32,6,175,65,62,0
2024-03-25 12:17:30,D11,"Temp: 33°C, Humidity: 43%",Video Processing,Fog,11,6846,13,6,160,83,85,1
2024-03-25 12:17:40,D14,"Temp: 34°C, Humidity: 51%",Network Traffic,Device,17,6717,17,5,139,60,64,0
2024-03-25 12:17:50,D20,"Temp: 29°C, Humidity: 43%",Video Processing,Device,35,899,44,4,190,74,75,1
2024-03-25 12:18:00,D17,"Temp: 34°C, Humidity: 60%",Video Processing,Device,44,1307,25,5,93,81,84,0
2024-03-25 12:18:10,D11,"Temp: 27°C, Humidity: 43%",Video Processing,Cloud,82,7847,31,1,299,85,83,1
2024-03-25 12:18:20,D19,"Temp: 23°C, Humidity: 35%",Video Processing,Edge,59,5196,39,8,259,81,85,0
2024-03-25 12:18:30,D16,"Temp: 38°C, Humidity: 54%",Image Processing,Fog,86,4905,9,9,173,74,76,1
2024-03-25 12:18:40,D8,"Temp: 38°C, Humidity: 61%",Data Analytics,Device,69,2199,17,2,123,73,71,1
2024-03-25 12:18:50,D7,"Temp: 39°C, Humidity: 39%",Data Analytics,Device,25,6587,25,8,87,52,54,1
2024-03-25 12:19:00,D8,"Temp: 20°C, Humidity: 47%",Network Traffic,Edge,86,639,6,6,97,69,67,1
2024-03-25 12:19:10,D15,"Temp: 34°C, Humidity: 58%",Data Analytics,Device,48,3432,20,5,91,53,50,0
2024-03-25 12:19:20,D19,"Temp: 31°C, Humidity: 38%",Network Traffic,Edge,58,1700,16,6,183,53,55,1
2024-03-25 12:19:30,D15,"Temp: 23°C, Humidity: 65%",Video Processing,Cloud,87,6405,8,6,92,76,72,0
2024-03-25 12:19:40,D14,"Temp: 39°C, Humidity: 53%",Image Processing,Cloud,11,4092,29,3,88,64,65,1
2024-03-25 12:19:50,D12,"Temp: 39°C, Humidity: 53%",Network Traffic,Device,73,5423,11,6,214,81,78,0
2024-03-25 12:20:00,D7,"Temp: 22°C, Humidity: 72%",Data Analytics,Fog,56,592,23,7,288,71,72,1
2024-03-25 12:20:10,D11,"Temp: 27°C, Humidity: 42%",Image Processing,Fog,53,5543,46,3,155,89,91,1
2024-03-25 12:20:20,D11,"Temp: 39°C, Humidity: 65%",Video Processing,Cloud,64,2235,32,3,67,83,85,1
2024-03-25 12:20:30,D17,"Temp: 23°C, Humidity: 72%",Video Processing,Fog,53,4526,35,3,183,73,76,0
2024-03-25 12:20:40,D2,"Temp: 24°C, Humidity: 58%",Network Traffic,Fog,89,1332,24,8,77,59,63,0
2024-03-25 12:20:50,D13,"Temp: 34°C, Humidity: 79%",Image Processing,Fog,39,2564,19,5,56,85,80,0
2024-03-25 12:21:00,D14,"Temp: 29°C, Humidity: 32%",Data Analytics,Fog,84,3776,38,3,124,65,62,0
2024-03-25 12:21:10,D19,"Temp: 29°C, Humidity: 52%",Video Processing,Edge,43,6763,31,5,61,88,83,0
2024-03-25 12:21:20,D8,"Temp: 30°C, Humidity: 71%",Video Processing,Cloud,70,7888,41,8,158,87,88,1
2024-03-25 12:21:30,D20,"Temp: 32°C, Humidity: 53%",Image Processing,Device,52,7875,33,7,219,67,70,0
2024-03-25 12:21:40,D4,"Temp: 32°C, Humidity: 63%",Data Analytics,Device,51,7358,27,3,198,86,86,1
2024-03-25 12:21:50,D10,"Temp: 34°C, Humidity: 59%",Network Traffic,Device,50,7427,12,4,224,77,78,1
2024-03-25 12:22:00,D18,"Temp: 34°C, Humidity: 43%",Data Analytics,Device,25,7576,47,7,147,59,56,0
2024-03-25 12:22:10,D3,"Temp: 38°C, Humidity: 75%",Data Analytics,Device,52,6525,42,1,131,53,48,0
2024-03-25 12:22:20,D5,"Temp: 33°C, Humidity: 56%",Image Processing,Edge,20,6145,33,7,197,61,58,0
2024-03-25 12:22:30,D15,"Temp: 23°C, Humidity: 73%",Data Analytics,Edge,35,3485,10,9,227,58,61,0
2024-03-25 12:22:40,D14,"Temp: 27°C, Humidity: 64%",Image Processing,Cloud,29,6919,30,3,168,73,71,1
2024-03-25 12:22:50,D19,"Temp: 38°C, Humidity: 67%",Image Processing,Fog,63,7794,12,2,245,76,79,0
2024-03-25 12:23:00,D12,"Temp: 36°C, Humidity: 70%",Image Processing,Edge,16,5424,16,2,130,74,74,1
2024-03-25 12:23:10,D20,"Temp: 23°C, Humidity: 39%",Image Processing,Edge,16,585,37,6,257,74,69,0
2024-03-25 12:23:20,D12,"Temp: 35°C, Humidity: 45%",Image Processing,Fog,42,1452,34,1,187,83,86,0
2024-03-25 12:23:30,D6,"Temp: 34°C, Humidity: 48%",Video Processing,Fog,21,6138,18,6,141,77,79,1
2024-03-25 12:23:40,D7,"Temp: 21°C, Humidity: 58%",Network Traffic,Cloud,69,2576,11,3,102,63,60,0
2024-03-25 12:23:50,D16,"Temp: 30°C, Humidity: 50%",Video Processing,Cloud,28,7253,44,3,185,75,77,1
2024-03-25 12:24:00,D6,"Temp: 20°C, Humidity: 59%",Network Traffic,Cloud,47,2053,27,2,290,78,75,0
2024-03-25 12:24:10,D11,"Temp: 29°C, Humidity: 65%",Video Processing,Cloud,13,610,29,4,114,74,72,1
2024-03-25 12:24:20,D6,"Temp: 30°C, Humidity: 79%",Data Analytics,Fog,79,2672,22,6,195,56,59,0
2024-03-25 12:24:30,D6,"Temp: 20°C, Humidity: 63%",Data Analytics,Device,70,1810,16,5,175,85,84,1
2024-03-25 12:24:40,D12,"Temp: 31°C, Humidity: 31%",Video Processing,Edge,37,2730,23,3,63,67,68,1
2024-03-25 12:24:50,D7,"Temp: 38°C, Humidity: 31%",Network Traffic,Cloud,36,972,29,3,261,73,75,1
2024-03-25 12:25:00,D4,"Temp: 36°C, Humidity: 45%",Data Analytics,Edge,72,917,45,7,118,85,88,0
2024-03-25 12:25:10,D16,"Temp: 33°C, Humidity: 36%",Network Traffic,Edge,87,7096,5,8,147,58,61,0
2024-03-25 12:25:20,D5,"Temp: 37°C, Humidity: 64%",Data Analytics,Fog,63,3489,7,5,100,68,63,0
2024-03-25 12:25:30,D4,"Temp: 32°C, Humidity: 39%",Video Processing,Device,53,7819,31,2,97,50,53,0
2024-03-25 12:25:40,D7,"Temp: 28°C, Humidity: 47%",Network Traffic,Device,31,1171,41,3,299,64,61,0
2024-03-25 12:25:50,D18,"Temp: 32°C, Humidity: 61%",Video Processing,Fog,38,7647,31,3,131,62,61,1
2024-03-25 12:26:00,D9,"Temp: 28°C, Humidity: 45%",Network Traffic,Fog,49,2673,13,9,195,86,87,1
2024-03-25 12:26:10,D1,"Temp: 24°C, Humidity: 69%",Video Processing,Fog,22,1793,8,1,262,65,66,1
2024-03-25 12:26:20,D20,"Temp: 36°C, Humidity: 68%",Image Processing,Cloud,76,6560,48,8,240,78,81,0
2024-03-25 12:26:30,D1,"Temp: 34°C, Humidity: 55%",Network Traffic,Edge,80,6123,40,7,116,68,68,1
2024-03-25 12:26:40,D10,"Temp: 36°C, Humidity: 34%",Data Analytics,Edge,41,3226,33,5,186,53,53,1
2024-03-25 12:26:50,D12,"Temp: 30°C, Humidity: 54%",Data Analytics,Edge,63,1901,48,7,125,79,83,0
2024-03-25 12:27:00,D8,"Temp: 33°C, Humidity: 71%",Data Analytics,Edge,34,2684,20,1,263,83,78,0
2024-03-25 12:27:10,D6,"Temp: 23°C, Humidity: 31%",Video Processing,Fog,35,1323,44,8,137,83,87,0
2024-03-25 12:27:20,D4,"Temp: 22°C, Humidity: 65%",Video Processing,Fog,81,5135,31,5,98,53,51,1
2024-03-25 12:27:30,D15,"Temp: 34°C, Humidity: 69%",Data Analytics,Device,81,1794,28,8,130,53,54,1
2024-03-25 12:27:40,D8,"Temp: 29°C, Humidity: 68%",Image Processing,Edge,79,3287,40,5,298,75,73,1
2024-03-25 12:27:50,D7,"Temp: 28°C, Humidity: 60%",Data Analytics,Edge,21,6425,10,2,200,55,57,1
2024-03-25 12:28:00,D11,"Temp: 30°C, Humidity: 46%",Image Processing,Device,51,5679,42,1,249,73,72,1
2024-03-25 12:28:10,D6,"Temp: 34°C, Humidity: 45%",Image Processing,Fog,19,3969,12,8,52,89,88,1
2024-03-25 12:28:20,D3,"Temp: 38°C, Humidity: 78%",Video Processing,Edge,41,5013,27,2,185,64,65,1
2024-03-25 12:28:30,D1,"Temp: 39°C, Humidity: 56%",Image Processing,Edge,39,2850,41,4,225,80,78,1
2024-03-25 12:28:40,D18,"Temp: 25°C, Humidity: 42%",Network Traffic,Cloud,44,3547,26,9,140,70,73,0
2024-03-25 12:28:50,D9,"Temp: 38°C, Humidity: 58%",Video Processing,Fog,20,1210,26,1,233,54,58,0
2024-03-25 12:29:00,D10,"Temp: 21°C, Humidity: 39%",Network Traffic,Device,79,2778,24,4,268,86,87,1
2024-03-25 12:29:10,D10,"Temp: 36°C, Humidity: 71%",Network Traffic,Fog,72,3984,45,2,213,51,48,0
2024-03-25 12:29:20,D8,"Temp: 25°C, Humidity: 49%",Image Processing,Fog,60,3176,25,8,193,77,80,0
2024-03-25 12:29:30,D3,"Temp: 28°C, Humidity: 74%",Image Processing,Fog,55,1190,5,4,204,85,81,0
2024-03-25 12:29:40,D6,"Temp: 33°C, Humidity: 67%",Image Processing,Cloud,35,1445,30,7,102,66,68,1
2024-03-25 12:29:50,D12,"Temp: 26°C, Humidity: 55%",Network Traffic,Device,17,8086,19,8,75,75,71,0
2024-03-25 12:30:00,D18,"Temp: 26°C, Humidity: 68%",Image Processing,Edge,16,3242,5,3,106,53,50,0
2024-03-25 12:30:10,D3,"Temp: 27°C, Humidity: 58%",Data Analytics,Edge,31,6282,19,9,268,83,82,1
2024-03-25 12:30:20,D15,"Temp: 37°C, Humidity: 67%",Video Processing,Cloud,26,4192,13,6,53,53,53,1
2024-03-25 12:30:30,D10,"Temp: 26°C, Humidity: 59%",Video Processing,Device,17,4216,28,2,275,55,57,1
2024-03-25 12:30:40,D13,"Temp: 37°C, Humidity: 54%",Data Analytics,Device,46,681,47,6,196,88,91,0
2024-03-25 12:30:50,D15,"Temp: 36°C, Humidity: 67%",Network Traffic,Device,22,8155,36,2,163,81,76,0
2024-03-25 12:31:00,D11,"Temp: 29°C, Humidity: 53%",Video Processing,Device,65,7903,42,9,81,64,62,1
2024-03-25 12:31:10,D12,"Temp: 28°C, Humidity: 35%",Network Traffic,Cloud,80,7965,27,8,202,57,53,0
2024-03-25 12:31:20,D13,"Temp: 34°C, Humidity: 70%",Image Processing,Fog,28,3769,30,9,271,81,80,1
2024-03-25 12:31:30,D14,"Temp: 29°C, Humidity: 40%",Image Processing,Cloud,52,6504,30,1,59,50,53,0
2024-03-25 12:31:40,D1,"Temp: 27°C, Humidity: 60%",Image Processing,Edge,63,3696,38,7,210,81,81,1
2024-03-25 12:31:50,D3,"Temp: 34°C, Humidity: 73%",Data Analytics,Edge,16,4798,16,8,256,67,70,0
2024-03-25 12:32:00,D5,"Temp: 31°C, Humidity: 51%",Data Analytics,Cloud,34,5881,32,8,106,88,90,1
2024-03-25 12:32:10,D4,"Temp: 38°C, Humidity: 55%",Image Processing,Edge,37,8173,27,5,259,55,56,1
2024-03-25 12:32:20,D15,"Temp: 39°C, Humidity: 54%",Video Processing,Cloud,23,1264,14,6,206,60,62,1
2024-03-25 12:32:30,D12,"Temp: 39°C, Humidity: 57%",Data Analytics,Fog,62,2042,29,8,90,64,64,1
2024-03-25 12:32:40,D12,"Temp: 36°C, Humidity: 68%",Video Processing,Fog,43,3827,17,8,225,60,59,1
2024-03-25 12:32:50,D20,"Temp: 30°C, Humidity: 65%",Network Traffic,Device,74,1348,14,2,176,64,62,1
2024-03-25 12:33:00,D1,"Temp: 27°C, Humidity: 71%",Network Traffic,Fog,50,1040,42,6,83,60,58,1
2024-03-25 12:33:10,D6,"Temp: 31°C, Humidity: 43%",Image Processing,Cloud,49,5507,18,6,229,63,59,0
2024-03-25 12:33:20,D16,"Temp: 39°C, Humidity: 57%",Video Processing,Cloud,78,6776,21,9,103,68,63,0
2024-03-25 12:33:30,D2,"Temp: 27°C, Humidity: 77%",Video Processing,Device,50,4187,12,1,165,81,76,0
2024-03-25 12:33:40,D19,"Temp: 24°C, Humidity: 48%",Image Processing,Fog,43,6844,5,1,233,62,66,0
2024-03-25 12:33:50,D16,"Temp: 39°C, Humidity: 65%",Video Processing,Device,44,4238,49,3,72,50,50,1
2024-03-25 12:34:00,D12,"Temp: 20°C, Humidity: 57%",Image Processing,Cloud,64,6254,22,1,138,68,70,1
2024-03-25 12:34:10,D7,"Temp: 23°C, Humidity: 53%",Data Analytics,Device,39,7196,32,8,263,84,86,1
2024-03-25 12:34:20,D4,"Temp: 24°C, Humidity: 70%",Data Analytics,Device,13,6568,42,2,184,69,65,0
2024-03-25 12:34:30,D18,"Temp: 29°C, Humidity: 56%",Data Analytics,Cloud,76,5363,13,2,141,51,49,1
2024-03-25 12:34:40,D7,"Temp: 31°C, Humidity: 59%",Network Traffic,Edge,48,4192,8,3,73,57,60,0
2024-03-25 12:34:50,D17,"Temp: 39°C, Humidity: 72%",Data Analytics,Edge,85,2983,17,9,249,64,60,0
2024-03-25 12:35:00,D10,"Temp: 38°C, Humidity: 59%",Video Processing,Fog,81,7750,47,1,82,82,79,0
2024-03-25 12:35:10,D17,"Temp: 27°C, Humidity: 34%",Image Processing,Cloud,19,3631,27,9,113,62,58,0
2024-03-25 12:35:20,D19,"Temp: 25°C, Humidity: 35%",Video Processing,Fog,25,5595,8,8,215,66,62,0
2024-03-25 12:35:30,D7,"Temp: 21°C, Humidity: 66%",Video Processing,Fog,87,4390,44,8,263,73,71,1
2024-03-25 12:35:40,D19,"Temp: 28°C, Humidity: 73%",Network Traffic,Device,73,4955,18,7,281,75,76,1
2024-03-25 12:35:50,D8,"Temp: 32°C, Humidity: 57%",Network Traffic,Edge,71,6208,31,9,167,50,45,0
2024-03-25 12:36:00,D16,"Temp: 36°C, Humidity: 49%",Video Processing,Fog,87,2456,31,3,220,65,69,0
2024-03-25 12:36:10,D15,"Temp: 24°C, Humidity: 67%",Image Processing,Edge,23,6377,43,4,141,80,81,1
2024-03-25 12:36:20,D9,"Temp: 33°C, Humidity: 64%",Data Analytics,Cloud,77,2761,34,6,248,82,78,0
2024-03-25 12:36:30,D3,"Temp: 24°C, Humidity: 45%",Image Processing,Cloud,70,1544,45,7,295,75,74,1
2024-03-25 12:36:40,D5,"Temp: 39°C, Humidity: 58%",Image Processing,Cloud,29,7022,17,7,188,51,55,0
2024-03-25 12:36:50,D9,"Temp: 22°C, Humidity: 41%",Data Analytics,Fog,57,6195,25,1,176,80,82,1
2024-03-25 12:37:00,D19,"Temp: 23°C, Humidity: 39%",Network Traffic,Device,41,3533,18,1,124,53,51,1
2024-03-25 12:37:10,D5,"Temp: 37°C, Humidity: 33%",Video Processing,Edge,31,5234,14,7,215,65,63,1
2024-03-25 12:37:20,D9,"Temp: 32°C, Humidity: 34%",Data Analytics,Edge,62,7102,33,4,136,52,47,0
2024-03-25 12:37:30,D2,"Temp: 35°C, Humidity: 53%",Data Analytics,Edge,33,3618,38,2,269,76,75,1
2024-03-25 12:37:40,D13,"Temp: 22°C, Humidity: 39%",Image Processing,Device,53,7750,46,5,202,69,71,1
2024-03-25 12:37:50,D4,"Temp: 26°C, Humidity: 36%",Video Processing,Device,43,5910,19,4,269,50,49,1
2024-03-25 12:38:00,D18,"Temp: 36°C, Humidity: 71%",Network Traffic,Cloud,47,2006,14,1,82,85,87,1
2024-03-25 12:38:10,D14,"Temp: 32°C, Humidity: 41%",Network Traffic,Cloud,62,7814,13,5,176,60,63,0
2024-03-25 12:38:20,D10,"Temp: 35°C, Humidity: 48%",Video Processing,Edge,28,4161,26,7,83,72,76,0
2024-03-25 12:38:30,D17,"Temp: 26°C, Humidity: 30%",Data Analytics,Edge,34,1740,39,1,279,72,71,1
2024-03-25 12:38:40,D20,"Temp: 35°C, Humidity: 66%",Video Processing,Device,54,6577,31,8,199,75,73,1
2024-03-25 12:38:50,D12,"Temp: 21°C, Humidity: 54%",Video Processing,Cloud,63,7573,34,5,243,57,61,0
2024-03-25 12:39:00,D4,"Temp: 37°C, Humidity: 58%",Network Traffic,Device,74,1721,41,9,106,59,54,0
2024-03-25 12:39:10,D9,"Temp: 38°C, Humidity: 71%",Image Processing,Fog,56,6492,19,9,247,58,60,1
2024-03-25 12:39:20,D8,"Temp: 29°C, Humidity: 72%",Video Processing,Cloud,60,3484,24,3,228,63,65,1
2024-03-25 12:39:30,D7,"Temp: 36°C, Humidity: 62%",Data Analytics,Edge,49,7459,14,6,227,58,57,1
2024-03-25 12:39:40,D3,"Temp: 21°C, Humidity: 54%",Image Processing,Cloud,60,8035,26,8,193,78,78,1
2024-03-25 12:39:50,D16,"Temp: 38°C, Humidity: 31%",Data Analytics,Edge,37,6320,24,1,263,76,76,1
2024-03-25 12:40:00,D5,"Temp: 31°C, Humidity: 77%",Video Processing,Edge,52,2914,9,9,108,54,57,0
2024-03-25 12:40:10,D2,"Temp: 29°C, Humidity: 57%",Data Analytics,Edge,31,5082,37,7,240,66,63,0
2024-03-25 12:40:20,D4,"Temp: 25°C, Humidity: 43%",Network Traffic,Edge,55,6309,48,3,181,73,71,1
2024-03-25 12:40:30,D4,"Temp: 20°C, Humidity: 61%",Data Analytics,Fog,65,6931,31,6,286,82,77,0
2024-03-25 12:40:40,D5,"Temp: 34°C, Humidity: 62%",Video Processing,Fog,74,5241,34,1,218,70,70,1
2024-03-25 12:40:50,D4,"Temp: 24°C, Humidity: 69%",Network Traffic,Device,82,2145,33,4,257,52,52,1
2024-03-25 12:41:00,D14,"Temp: 32°C, Humidity: 76%",Video Processing,Edge,85,2676,11,3,112,55,52,0
2024-03-25 12:41:10,D18,"Temp: 22°C, Humidity: 43%",Network Traffic,Edge,22,4775,11,8,285,86,85,1
2024-03-25 12:41:20,D20,"Temp: 22°C, Humidity: 32%",Video Processing,Edge,33,3450,30,4,252,72,67,0
2024-03-25 12:41:30,D12,"Temp: 20°C, Humidity: 41%",Video Processing,Device,43,2824,19,5,112,77,81,0
2024-03-25 12:41:40,D11,"Temp: 20°C, Humidity: 60%",Image Processing,Cloud,22,4330,42,6,135,75,74,1
2024-03-25 12:41:50,D12,"Temp: 34°C, Humidity: 41%",Data Analytics,Device,20,7950,5,7,83,56,58,1
2024-03-25 12:42:00,D9,"Temp: 22°C, Humidity: 45%",Network Traffic,Device,73,4593,29,2,192,56,55,1
2024-03-25 12:42:10,D14,"Temp: 34°C, Humidity: 70%",Network Traffic,Fog,75,4915,23,5,195,55,50,0
2024-03-25 12:42:20,D20,"Temp: 29°C, Humidity: 42%",Network Traffic,Fog,65,7180,10,1,114,65,62,0
2024-03-25 12:42:30,D6,"Temp: 23°C, Humidity: 75%",Video Processing,Fog,44,6391,18,9,178,63,65,1
2024-03-25 12:42:40,D20,"Temp: 20°C, Humidity: 57%",Image Processing,Edge,68,3992,24,9,241,55,59,0
2024-03-25 12:42:50,D16,"Temp: 37°C, Humidity: 64%",Network Traffic,Device,73,5071,6,2,218,63,59,0
2024-03-25 12:43:00,D15,"Temp: 29°C, Humidity: 38%",Video Processing,Edge,74,6561,10,6,60,72,69,0
2024-03-25 12:43:10,D20,"Temp: 23°C, Humidity: 72%",Image Processing,Fog,80,2961,20,4,245,79,75,0
2024-03-25 12:43:20,D10,"Temp: 28°C, Humidity: 75%",Network Traffic,Fog,78,982,6,9,209,57,53,0
2024-03-25 12:43:30,D1,"Temp: 25°C, Humidity: 70%",Image Processing,Fog,51,695,18,1,212,74,75,1
2024-03-25 12:43:40,D15,"Temp: 36°C, Humidity: 73%",Image Processing,Cloud,40,657,31,6,292,83,84,1
2024-03-25 12:43:50,D16,"Temp: 20°C, Humidity: 42%",Image Processing,Cloud,33,1736,41,4,212,50,51,1
2024-03-25 12:44:00,D14,"Temp: 21°C, Humidity: 42%",Network Traffic,Edge,29,2980,31,2,124,70,66,0
2024-03-25 12:44:10,D1,"Temp: 37°C, Humidity: 34%",Image Processing,Edge,56,2241,42,6,98,53,50,0
2024-03-25 12:44:20,D19,"Temp: 31°C, Humidity: 54%",Data Analytics,Fog,33,6814,8,8,200,81,78,0
2024-03-25 12:44:30,D6,"Temp: 33°C, Humidity: 56%",Data Analytics,Fog,61,3673,30,7,68,52,51,1
2024-03-25 12:44:40,D18,"Temp: 26°C, Humidity: 44%",Video Processing,Fog,45,4716,26,8,298,53,54,1
2024-03-25 12:44:50,D1,"Temp: 21°C, Humidity: 66%",Image Processing,Device,88,5824,5,8,121,61,59,1
2024-03-25 12:45:00,D20,"Temp: 31°C, Humidity: 31%",Video Processing,Cloud,57,2665,16,9,191,79,77,1
2024-03-25 12:45:10,D16,"Temp: 35°C, Humidity: 32%",Data Analytics,Device,36,668,9,2,200,59,56,0
2024-03-25 12:45:20,D15,"Temp: 29°C, Humidity: 56%",Image Processing,Cloud,54,803,34,4,184,53,53,1
2024-03-25 12:45:30,D2,"Temp: 39°C, Humidity: 37%",Image Processing,Device,20,5739,15,4,98,64,62,1
2024-03-25 12:45:40,D11,"Temp: 24°C, Humidity: 32%",Video Processing,Cloud,71,3322,43,4,219,53,53,1
2024-03-25 12:45:50,D11,"Temp: 25°C, Humidity: 35%",Data Analytics,Device,83,1480,30,5,93,53,50,0
2024-03-25 12:46:00,D4,"Temp: 24°C, Humidity: 46%",Network Traffic,Cloud,43,8132,27,3,92,67,65,1
2024-03-25 12:46:10,D13,"Temp: 39°C, Humidity: 32%",Image Processing,Cloud,15,5885,12,5,127,86,84,1
2024-03-25 12:46:20,D11,"Temp: 28°C, Humidity: 68%",Image Processing,Cloud,64,6987,13,9,221,72,69,0
2024-03-25 12:46:30,D10,"Temp: 38°C, Humidity: 74%",Network Traffic,Fog,18,1499,42,5,69,55,51,0
2024-03-25 12:46:40,D12,"Temp: 23°C, Humidity: 67%",Image Processing,Edge,29,2744,42,5,266,61,63,1
2024-03-25 12:46:50,D5,"Temp: 21°C, Humidity: 35%",Network Traffic,Fog,77,4443,46,1,136,83,82,1
2024-03-25 12:47:00,D13,"Temp: 33°C, Humidity: 46%",Image Processing,Cloud,45,1669,47,4,122,50,51,1
2024-03-25 12:47:10,D15,"Temp: 36°C, Humidity: 36%",Network Traffic,Edge,34,7020,34,1,168,80,80,1
2024-03-25 12:47:20,D10,"Temp: 25°C, Humidity: 46%",Video Processing,Device,25,5501,13,9,51,64,63,1
2024-03-25 12:47:30,D18,"Temp: 25°C, Humidity: 49%",Data Analytics,Fog,67,5768,24,4,219,79,75,0
2024-03-25 12:47:40,D7,"Temp: 29°C, Humidity: 77%",Image Processing,Device,53,1185,34,2,181,86,84,1
2024-03-25 12:47:50,D17,"Temp: 34°C, Humidity: 62%",Image Processing,Fog,11,6396,36,3,292,89,87,1
2024-03-25 12:48:00,D8,"Temp: 28°C, Humidity: 38%",Data Analytics,Device,14,695,29,3,258,70,74,0
2024-03-25 12:48:10,D14,"Temp: 21°C, Humidity: 60%",Data Analytics,Cloud,10,1840,13,1,138,66,69,0
2024-03-25 12:48:20,D14,"Temp: 39°C, Humidity: 64%",Image Processing,Edge,73,2177,47,3,209,61,63,1
2024-03-25 12:48:30,D2,"Temp: 38°C, Humidity: 44%",Image Processing,Edge,49,765,42,1,151,50,54,0
2024-03-25 12:48:40,D15,"Temp: 26°C, Humidity: 69%",Image Processing,Cloud,56,3148,23,6,59,67,62,0
2024-03-25 12:48:50,D10,"Temp: 27°C, Humidity: 69%",Network Traffic,Fog,12,1657,42,8,150,69,68,1
2024-03-25 12:49:00,D10,"Temp: 23°C, Humidity: 40%",Network Traffic,Device,42,5375,27,8,200,55,59,0
2024-03-25 12:49:10,D9,"Temp: 24°C, Humidity: 74%",Network Traffic,Cloud,72,6625,38,2,149,77,75,1
2024-03-25 12:49:20,D2,"Temp: 26°C, Humidity: 37%",Video Processing,Edge,49,2517,23,5,50,50,48,1
2024-03-25 12:49:30,D14,"Temp: 36°C, Humidity: 35%",Image Processing,Fog,61,2499,36,1,210,77,74,0
2024-03-25 12:49:40,D1,"Temp: 33°C, Humidity: 63%",Network Traffic,Fog,14,6388,44,8,112,68,68,1
2024-03-25 12:49:50,D2,"Temp: 33°C, Humidity: 79%",Data Analytics,Fog,80,1150,5,8,291,79,75,0
2024-03-25 12:50:00,D10,"Temp: 22°C, Humidity: 75%",Video Processing,Cloud,10,3036,49,1,99,65,61,0
2024-03-25 12:50:10,D20,"Temp: 32°C, Humidity: 40%",Video Processing,Device,84,7941,31,8,150,79,82,0
2024-03-25 12:50:20,D9,"Temp: 22°C, Humidity: 63%",Data Analytics,Cloud,22,4062,43,8,165,53,54,1
2024-03-25 12:50:30,D6,"Temp: 23°C, Humidity: 42%",Image Processing,Cloud,86,6387,32,8,289,87,86,1
2024-03-25 12:50:40,D20,"Temp: 28°C, Humidity: 70%",Video Processing,Fog,24,4126,47,7,200,62,61,1
2024-03-25 12:50:50,D14,"Temp: 25°C, Humidity: 60%",Image Processing,Device,13,7508,8,9,113,83,78,0
2024-03-25 12:51:00,D16,"Temp: 21°C, Humidity: 73%",Image Processing,Cloud,68,6991,16,5,161,60,60,1
2024-03-25 12:51:10,D8,"Temp: 27°C, Humidity: 74%",Data Analytics,Edge,43,5321,11,1,124,54,58,0
2024-03-25 12:51:20,D18,"Temp: 35°C, Humidity: 32%",Network Traffic,Edge,59,5443,10,5,257,69,68,1
2024-03-25 12:51:30,D3,"Temp: 34°C, Humidity: 54%",Network Traffic,Cloud,46,5893,39,5,141,70,71,1
2024-03-25 12:51:40,D20,"Temp: 28°C, Humidity: 33%",Network Traffic,Cloud,32,3166,30,9,108,63,58,0
2024-03-25 12:51:50,D16,"Temp: 37°C, Humidity: 39%",Video Processing,Cloud,22,2808,14,8,78,83,79,0
2024-03-25 12:52:00,D5,"Temp: 24°C, Humidity: 50%",Network Traffic,Fog,88,6808,34,6,52,67,67,1
2024-03-25 12:52:10,D1,"Temp: 21°C, Humidity: 55%",Data Analytics,Fog,40,5261,9,9,290,66,63,0
2024-03-25 12:52:20,D14,"Temp: 20°C, Humidity: 43%",Data Analytics,Cloud,43,6413,6,3,141,80,77,0
2024-03-25 12:52:30,D7,"Temp: 39°C, Humidity: 72%",Network Traffic,Device,19,8104,45,7,285,55,56,1
2024-03-25 12:52:40,D12,"Temp: 21°C, Humidity: 78%",Video Processing,Device,43,7801,38,4,182,54,49,0
2024-03-25 12:52:50,D14,"Temp: 28°C, Humidity: 44%",Network Traffic,Fog,36,6301,21,2,276,69,72,0
2024-03-25 12:53:00,D7,"Temp: 39°C, Humidity: 48%",Data Analytics,Device,84,3034,37,7,202,66,64,1
2024-03-25 12:53:10,D13,"Temp: 37°C, Humidity: 49%",Network Traffic,Edge,22,7570,6,8,244,88,92,0
2024-03-25 12:53:20,D8,"Temp: 35°C, Humidity: 35%",Image Processing,Edge,49,5713,38,3,186,78,73,0
2024-03-25 12:53:30,D19,"Temp: 29°C, Humidity: 71%",Network Traffic,Fog,10,1242,12,6,151,77,76,1
2024-03-25 12:53:40,D14,"Temp: 32°C, Humidity: 55%",Data Analytics,Fog,86,6350,13,2,57,87,85,1
2024-03-25 12:53:50,D10,"Temp: 26°C, Humidity: 59%",Data Analytics,Cloud,47,4920,42,3,165,73,77,0
2024-03-25 12:54:00,D18,"Temp: 39°C, Humidity: 49%",Image Processing,Device,50,1774,41,1,143,58,62,0
2024-03-25 12:54:10,D18,"Temp: 28°C, Humidity: 42%",Data Analytics,Edge,77,2291,14,1,166,75,77,1
2024-03-25 12:54:20,D11,"Temp: 37°C, Humidity: 31%",Network Traffic,Cloud,56,8045,10,6,221,54,58,0
2024-03-25 12:54:30,D10,"Temp: 28°C, Humidity: 51%",Video Processing,Fog,58,5031,19,9,286,67,68,1
2024-03-25 12:54:40,D2,"Temp: 33°C, Humidity: 78%",Network Traffic,Edge,77,6964,27,2,256,57,58,1
2024-03-25 12:54:50,D18,"Temp: 21°C, Humidity: 60%",Data Analytics,Edge,18,7690,35,2,168,81,82,1
2024-03-25 12:55:00,D4,"Temp: 29°C, Humidity: 73%",Video Processing,Edge,45,2078,42,9,71,71,75,0
2024-03-25 12:55:10,D15,"Temp: 38°C, Humidity: 53%",Network Traffic,Cloud,20,3689,9,3,186,51,53,1
2024-03-25 12:55:20,D13,"Temp: 39°C, Humidity: 57%",Network Traffic,Device,56,3472,24,9,129,80,84,0
2024-03-25 12:55:30,D3,"Temp: 20°C, Humidity: 46%",Data Analytics,Fog,17,7233,11,5,118,80,79,1
2024-03-25 12:55:40,D8,"Temp: 24°C, Humidity: 74%",Data Analytics,Fog,37,971,42,7,201,54,57,0
2024-03-25 12:55:50,D5,"Temp: 38°C, Humidity: 45%",Network Traffic,Fog,69,2291,28,2,70,51,53,1
2024-03-25 12:56:00,D16,"Temp: 33°C, Humidity: 37%",Data Analytics,Fog,13,6881,14,8,244,77,78,1
2024-03-25 12:56:10,D15,"Temp: 21°C, Humidity: 46%",Image Processing,Edge,41,1018,19,5,70,71,68,0
2024-03-25 12:56:20,D5,"Temp: 34°C, Humidity: 68%",Data Analytics,Fog,10,7395,25,1,265,69,65,0
2024-03-25 12:56:30,D15,"Temp: 39°C, Humidity: 55%",Image Processing,Edge,87,3086,40,6,126,76,77,1
2024-03-25 12:56:40,D5,"Temp: 26°C, Humidity: 51%",Video Processing,Fog,83,3164,19,8,253,78,80,1
2024-03-25 12:56:50,D3,"Temp: 23°C, Humidity: 63%",Network Traffic,Edge,77,2012,21,3,183,53,54,1
2024-03-25 12:57:00,D16,"Temp: 35°C, Humidity: 47%",Data Analytics,Edge,61,3456,15,6,180,53,49,0
2024-03-25 12:57:10,D4,"Temp: 34°C, Humidity: 60%",Data Analytics,Cloud,89,7650,36,6,234,80,81,1
2024-03-25 12:57:20,D6,"Temp: 27°C, Humidity: 42%",Image Processing,Device,45,2369,25,9,129,69,73,0
2024-03-25 12:57:30,D1,"Temp: 20°C, Humidity: 51%",Data Analytics,Device,45,8093,41,5,256,50,49,1
2024-03-25 12:57:40,D20,"Temp: 27°C, Humidity: 64%",Image Processing,Cloud,70,4179,16,6,226,58,60,1
2024-03-25 12:57:50,D16,"Temp: 33°C, Humidity: 57%",Data Analytics,Cloud,41,1268,20,8,207,85,82,0
2024-03-25 12:58:00,D4,"Temp: 33°C, Humidity: 46%",Video Processing,Cloud,69,3572,24,9,83,79,75,0
2024-03-25 12:58:10,D5,"Temp: 30°C, Humidity: 51%",Video Processing,Cloud,33,6226,8,5,51,78,80,1
2024-03-25 12:58:20,D16,"Temp: 21°C, Humidity: 73%",Network Traffic,Device,76,6448,36,4,85,62,59,0
2024-03-25 12:58:30,D11,"Temp: 33°C, Humidity: 43%",Network Traffic,Device,46,4483,44,7,255,55,54,1
2024-03-25 12:58:40,D4,"Temp: 34°C, Humidity: 41%",Data Analytics,Device,30,5073,31,9,53,80,83,0
2024-03-25 12:58:50,D16,"Temp: 37°C, Humidity: 38%",Network Traffic,Device,60,6978,12,4,52,56,52,0
2024-03-25 12:59:00,D6,"Temp: 28°C, Humidity: 59%",Image Processing,Cloud,85,5086,43,6,67,59,55,0
2024-03-25 12:59:10,D3,"Temp: 33°C, Humidity: 30%",Data Analytics,Fog,29,3855,21,2,80,88,89,1
2024-03-25 12:59:20,D3,"Temp: 26°C, Humidity: 56%",Data Analytics,Cloud,36,2886,17,7,104,53,50,0
2024-03-25 12:59:30,D9,"Temp: 23°C, Humidity: 77%",Video Processing,Device,12,2685,19,2,179,65,62,0
2024-03-25 12:59:40,D14,"Temp: 23°C, Humidity: 72%",Data Analytics,Device,63,3152,48,5,168,50,45,0
2024-03-25 12:59:50,D3,"Temp: 37°C, Humidity: 71%",Video Processing,Cloud,41,3211,7,8,161,54,50,0
2024-03-25 13:00:00,D14,"Temp: 33°C, Humidity: 70%",Data Analytics,Cloud,78,3305,36,6,193,79,80,1
2024-03-25 13:00:10,D16,"Temp: 24°C, Humidity: 76%",Video Processing,Device,54,1076,29,4,122,63,61,1
2024-03-25 13:00:20,D1,"Temp: 35°C, Humidity: 61%",Data Analytics,Device,81,2345,5,5,175,61,59,1
2024-03-25 13:00:30,D2,"Temp: 37°C, Humidity: 70%",Image Processing,Edge,62,4358,45,2,142,56,60,0
2024-03-25 13:00:40,D1,"Temp: 33°C, Humidity: 43%",Network Traffic,Device,18,3417,19,8,62,72,69,0
2024-03-25 13:00:50,D4,"Temp: 36°C, Humidity: 78%",Data Analytics,Device,81,7439,8,8,165,76,80,0
2024-03-25 13:01:00,D8,"Temp: 37°C, Humidity: 76%",Video Processing,Cloud,61,6324,5,3,178,82,80,1
2024-03-25 13:01:10,D15,"Temp: 34°C, Humidity: 79%",Data Analytics,Edge,12,2270,12,8,60,58,58,1
2024-03-25 13:01:20,D10,"Temp: 24°C, Humidity: 37%",Image Processing,Device,25,7660,31,2,64,54,54,1
2024-03-25 13:01:30,D20,"Temp: 34°C, Humidity: 40%",Image Processing,Fog,67,5199,38,8,66,64,62,1
2024-03-25 13:01:40,D5,"Temp: 25°C, Humidity: 73%",Video Processing,Edge,41,3281,15,7,128,71,71,1
2024-03-25 13:01:50,D14,"Temp: 21°C, Humidity: 53%",Data Analytics,Fog,57,6897,41,5,196,76,71,0
2024-03-25 13:02:00,D3,"Temp: 27°C, Humidity: 47%",Network Traffic,Device,17,6267,38,9,193,61,58,0
2024-03-25 13:02:10,D10,"Temp: 26°C, Humidity: 39%",Data Analytics,Edge,36,4496,39,7,171,88,84,0
2024-03-25 13:02:20,D18,"Temp: 28°C, Humidity: 48%",Network Traffic,Cloud,77,4072,39,5,124,54,49,0
2024-03-25 13:02:30,D3,"Temp: 32°C, Humidity: 42%",Image Processing,Device,59,5301,49,3,156,83,80,0
2024-03-25 13:02:40,D15,"Temp: 39°C, Humidity: 41%",Data Analytics,Device,29,5689,33,9,91,81,82,1
2024-03-25 13:02:50,D14,"Temp: 22°C, Humidity: 30%",Image Processing,Edge,68,5966,18,4,136,72,75,0
2024-03-25 13:03:00,D3,"Temp: 34°C, Humidity: 43%",Video Processing,Cloud,86,1588,12,6,269,58,59,1
2024-03-25 13:03:10,D15,"Temp: 29°C, Humidity: 55%",Network Traffic,Device,57,639,31,3,134,59,63,0
2024-03-25 13:03:20,D15,"Temp: 23°C, Humidity: 49%",Data Analytics,Fog,11,5678,26,3,116,82,79,0
2024-03-25 13:03:30,D20,"Temp: 27°C, Humidity: 38%",Image Processing,Cloud,46,4995,17,4,218,74,74,1
2024-03-25 13:03:40,D10,"Temp: 35°C, Humidity: 48%",Image Processing,Cloud,56,4492,26,3,161,73,76,0
2024-03-25 13:03:50,D8,"Temp: 29°C, Humidity: 35%",Video Processing,Cloud,61,5176,6,6,181,81,80,1
2024-03-25 13:04:00,D13,"Temp: 20°C, Humidity: 34%",Network Traffic,Fog,30,1259,23,3,255,59,59,1
2024-03-25 13:04:10,D10,"Temp: 22°C, Humidity: 71%",Video Processing,Cloud,32,5157,42,5,75,83,87,0
2024-03-25 13:04:20,D11,"Temp: 22°C, Humidity: 33%",Network Traffic,Cloud,84,3909,45,4,209,77,72,0
2024-03-25 13:04:30,D4,"Temp: 35°C, Humidity: 64%",Data Analytics,Device,35,2081,16,6,216,76,80,0
2024-03-25 13:04:40,D2,"Temp: 37°C, Humidity: 33%",Network Traffic,Edge,89,7386,7,1,74,52,51,1
2024-03-25 13:04:50,D1,"Temp: 35°C, Humidity: 43%",Video Processing,Fog,21,7989,26,8,157,51,55,0
2024-03-25 13:05:00,D12,"Temp: 38°C, Humidity: 61%",Data Analytics,Cloud,50,4112,32,2,119,76,74,1
2024-03-25 13:05:10,D2,"Temp: 22°C, Humidity: 58%",Network Traffic,Cloud,14,1541,41,1,72,65,65,1
2024-03-25 13:05:20,D4,"Temp: 22°C, Humidity: 50%",Data Analytics,Device,26,4737,6,5,247,86,81,0
2024-03-25 13:05:30,D9,"Temp: 20°C, Humidity: 74%",Image Processing,Cloud,41,4718,7,9,119,86,84,1
2024-03-25 13:05:40,D5,"Temp: 27°C, Humidity: 53%",Network Traffic,Edge,19,2907,44,2,117,59,63,0
2024-03-25 13:05:50,D13,"Temp: 29°C, Humidity: 52%",Video Processing,Fog,28,8138,8,8,298,83,83,1
2024-03-25 13:06:00,D16,"Temp: 39°C, Humidity: 39%",Video Processing,Cloud,75,7017,21,3,226,50,47,0
2024-03-25 13:06:10,D18,"Temp: 25°C, Humidity: 74%",Image Processing,Cloud,28,3563,46,8,223,70,68,1
2024-03-25 13:06:20,D16,"Temp: 22°C, Humidity: 68%",Data Analytics,Cloud,15,2526,28,6,68,73,77,0
2024-03-25 13:06:30,D6,"Temp: 27°C, Humidity: 71%",Image Processing,Cloud,82,3095,21,6,165,73,69,0
2024-03-25 13:06:40,D17,"Temp: 21°C, Humidity: 59%",Video Processing,Device,72,6315,43,5,274,71,68,0
2024-03-25 13:06:50,D4,"Temp: 28°C, Humidity: 43%",Data Analytics,Device,15,1849,34,8,52,77,79,1
2024-03-25 13:07:00,D6,"Temp: 29°C, Humidity: 30%",Network Traffic,Device,84,7534,29,7,143,78,80,1
2024-03-25 13:07:10,D4,"Temp: 33°C, Humidity: 73%",Network Traffic,Fog,61,7527,14,4,294,65,63,1
2024-03-25 13:07:20,D10,"Temp: 26°C, Humidity: 66%",Data Analytics,Device,33,3277,19,3,254,50,45,0
2024-03-25 13:07:30,D12,"Temp: 33°C, Humidity: 51%",Data Analytics,Fog,62,3263,38,1,260,77,72,0
2024-03-25 13:07:40,D13,"Temp: 23°C, Humidity: 67%",Network Traffic,Cloud,69,8093,48,3,164,89,93,0
2024-03-25 13:07:50,D8,"Temp: 25°C, Humidity: 67%",Video Processing,Cloud,41,5459,20,3,272,70,67,0
2024-03-25 13:08:00,D11,"Temp: 35°C, Humidity: 38%",Video Processing,Fog,77,885,42,2,236,64,67,0
2024-03-25 13:08:10,D20,"Temp: 21°C, Humidity: 60%",Video Processing,Edge,21,6073,31,8,293,61,65,0
2024-03-25 13:08:20,D5,"Temp: 28°C, Humidity: 67%",Network Traffic,Device,38,3408,25,5,158,87,87,1
2024-03-25 13:08:30,D16,"Temp: 37°C, Humidity: 69%",Image Processing,Edge,24,5922,34,9,237,60,62,1
2024-03-25 13:08:40,D5,"Temp: 37°C, Humidity: 54%",Network Traffic,Device,57,5599,10,7,233,52,49,0
2024-03-25 13:08:50,D16,"Temp: 24°C, Humidity: 67%",Video Processing,Fog,73,711,25,5,144,64,62,1
2024-03-25 13:09:00,D1,"Temp: 34°C, Humidity: 45%",Image Processing,Edge,37,5441,37,8,114,50,47,0
2024-03-25 13:09:10,D9,"Temp: 26°C, Humidity: 71%",Image Processing,Device,25,4577,42,9,119,85,86,1
2024-03-25 13:09:20,D18,"Temp: 25°C, Humidity: 55%",Video Processing,Edge,14,1446,41,6,113,60,63,0
2024-03-25 13:09:30,D3,"Temp: 36°C, Humidity: 30%",Data Analytics,Device,10,4787,10,7,289,60,55,0
2024-03-25 13:09:40,D3,"Temp: 20°C, Humidity: 31%",Image Processing,Cloud,46,2224,32,5,86,58,54,0
2024-03-25 13:09:50,D6,"Temp: 30°C, Humidity: 35%",Data Analytics,Edge,73,7250,9,5,116,66,68,1
2024-03-25 13:10:00,D17,"Temp: 24°C, Humidity: 52%",Network Traffic,Device,37,616,19,3,81,50,47,0
2024-03-25 13:10:10,D18,"Temp: 22°C, Humidity: 57%",Video Processing,Device,58,5610,46,7,214,84,86,1
2024-03-25 13:10:20,D8,"Temp: 20°C, Humidity: 69%",Image Processing,Fog,11,4637,40,1,274,87,82,0
2024-03-25 13:10:30,D6,"Temp: 26°C, Humidity: 35%",Image Processing,Fog,57,5976,32,9,97,78,73,0
2024-03-25 13:10:40,D10,"Temp: 27°C, Humidity: 46%",Video Processing,Cloud,80,5392,26,9,112,72,67,0
2024-03-25 13:10:50,D3,"Temp: 23°C, Humidity: 34%",Image Processing,Fog,86,3887,12,2,137,77,73,0
2024-03-25 13:11:00,D4,"Temp: 34°C, Humidity: 71%",Video Processing,Fog,22,5251,17,2,297,77,76,1
2024-03-25 13:11:10,D15,"Temp: 32°C, Humidity: 39%",Image Processing,Cloud,41,2695,33,3,51,87,82,0
2024-03-25 13:11:20,D13,"Temp: 31°C, Humidity: 78%",Image Processing,Cloud,58,5004,15,6,254,82,84,1
2024-03-25 13:11:30,D8,"Temp: 35°C, Humidity: 38%",Video Processing,Cloud,27,3931,8,8,244,61,57,0
2024-03-25 13:11:40,D11,"Temp: 24°C, Humidity: 34%",Image Processing,Edge,78,4978,44,8,229,68,67,1
2024-03-25 13:11:50,D9,"Temp: 36°C, Humidity: 69%",Image Processing,Edge,65,6781,39,1,201,68,64,0
2024-03-25 13:12:00,D20,"Temp: 33°C, Humidity: 52%",Video Processing,Cloud,75,3864,24,8,84,80,78,1
2024-03-25 13:12:10,D16,"Temp: 28°C, Humidity: 53%",Video Processing,Edge,48,4266,14,1,151,53,49,0
2024-03-25 13:12:20,D16,"Temp: 21°C, Humidity: 55%",Data Analytics,Cloud,62,1545,21,8,292,54,49,0
2024-03-25 13:12:30,D8,"Temp: 36°C, Humidity: 40%",Network Traffic,Device,46,4413,36,8,278,77,75,1
2024-03-25 13:12:40,D11,"Temp: 22°C, Humidity: 39%",Data Analytics,Cloud,49,6750,24,9,291,71,67,0
2024-03-25 13:12:50,D12,"Temp: 20°C, Humidity: 37%",Network Traffic,Device,73,1036,33,3,263,69,64,0
2024-03-25 13:13:00,D1,"Temp: 36°C, Humidity: 45%",Image Processing,Cloud,24,7385,13,6,276,63,64,1
2024-03-25 13:13:10,D8,"Temp: 24°C, Humidity: 77%",Data Analytics,Edge,34,5050,18,2,120,55,56,1
2024-03-25 13:13:20,D19,"Temp: 24°C, Humidity: 48%",Image Processing,Cloud,61,7930,14,5,117,65,60,0
2024-03-25 13:13:30,D7,"Temp: 35°C, Humidity: 45%",Data Analytics,Cloud,46,6843,45,1,227,50,49,1
2024-03-25 13:13:40,D19,"Temp: 31°C, Humidity: 53%",Video Processing,Edge,46,2960,5,7,205,59,57,1
2024-03-25 13:13:50,D3,"Temp: 36°C, Humidity: 79%",Network Traffic,Fog,38,2416,20,1,234,54,58,0
2024-03-25 13:14:00,D18,"Temp: 29°C, Humidity: 48%",Network Traffic,Fog,72,6913,39,9,72,67,71,0
2024-03-25 13:14:10,D4,"Temp: 22°C, Humidity: 37%",Network Traffic,Fog,75,1006,33,2,205,54,49,0
2024-03-25 13:14:20,D9,"Temp: 35°C, Humidity: 63%",Network Traffic,Device,30,2568,30,8,73,78,78,1
2024-03-25 13:14:30,D7,"Temp: 34°C, Humidity: 67%",Image Processing,Fog,84,1799,25,9,185,76,77,1
2024-03-25 13:14:40,D10,"Temp: 20°C, Humidity: 71%",Network Traffic,Edge,14,7627,23,7,65,57,56,1
2024-03-25 13:14:50,D18,"Temp: 25°C, Humidity: 78%",Video Processing,Device,27,8023,26,6,136,78,77,1
2024-03-25 13:15:00,D4,"Temp: 28°C, Humidity: 75%",Video Processing,Cloud,33,4799,17,7,253,55,58,0
2024-03-25 13:15:10,D18,"Temp: 26°C, Humidity: 33%",Data Analytics,Cloud,38,616,28,4,272,83,84,1
2024-03-25 13:15:20,D9,"Temp: 38°C, Humidity: 54%",Network Traffic,Fog,13,3728,12,7,69,85,85,1
2024-03-25 13:15:30,D12,"Temp: 22°C, Humidity: 50%",Video Processing,Edge,89,3583,49,2,244,59,59,1
2024-03-25 13:15:40,D4,"Temp: 35°C, Humidity: 39%",Network Traffic,Edge,34,5077,19,2,191,80,82,1
2024-03-25 13:15:50,D13,"Temp: 36°C, Humidity: 69%",Network Traffic,Edge,37,7885,18,9,236,86,89,0
2024-03-25 13:16:00,D4,"Temp: 35°C, Humidity: 58%",Video Processing,Fog,71,982,32,1,107,68,69,1
2024-03-25 13:16:10,D3,"Temp: 35°C, Humidity: 60%",Image Processing,Cloud,86,3101,6,5,96,72,73,1
2024-03-25 13:16:20,D5,"Temp: 28°C, Humidity: 66%",Data Analytics,Cloud,47,3650,33,4,295,68,63,0
2024-03-25 13:16:30,D8,"Temp: 24°C, Humidity: 41%",Data Analytics,Fog,75,3708,37,7,127,84,88,0
2024-03-25 13:16:40,D11,"Temp: 27°C, Humidity: 56%",Image Processing,Fog,88,1829,41,7,103,80,76,0
2024-03-25 13:16:50,D2,"Temp: 34°C, Humidity: 73%",Data Analytics,Device,60,6556,37,8,84,55,56,1
2024-03-25 13:17:00,D3,"Temp: 35°C, Humidity: 65%",Network Traffic,Fog,22,5299,15,6,114,89,91,1
2024-03-25 13:17:10,D18,"Temp: 30°C, Humidity: 73%",Video Processing,Fog,70,3392,5,4,279,82,78,0
2024-03-25 13:17:20,D8,"Temp: 39°C, Humidity: 78%",Video Processing,Device,60,7408,41,4,106,80,83,0
2024-03-25 13:17:30,D1,"Temp: 33°C, Humidity: 42%",Image Processing,Edge,73,6939,48,3,93,86,89,0
2024-03-25 13:17:40,D11,"Temp: 22°C, Humidity: 69%",Data Analytics,Device,79,2493,19,6,282,85,84,1
2024-03-25 13:17:50,D10,"Temp: 25°C, Humidity: 61%",Video Processing,Fog,81,7017,11,1,65,75,76,1
2024-03-25 13:18:00,D1,"Temp: 24°C, Humidity: 72%",Network Traffic,Cloud,69,3357,24,8,251,77,77,1
2024-03-25 13:18:10,D11,"Temp: 23°C, Humidity: 79%",Network Traffic,Device,27,6620,44,4,250,56,53,0
2024-03-25 13:18:20,D5,"Temp: 39°C, Humidity: 30%",Network Traffic,Fog,57,7064,37,6,74,75,73,1
2024-03-25 13:18:30,D1,"Temp: 34°C, Humidity: 45%",Data Analytics,Device,39,2140,13,9,51,74,75,1
2024-03-25 13:18:40,D7,"Temp: 24°C, Humidity: 32%",Data Analytics,Device,84,3899,9,5,123,76,74,1
2024-03-25 13:18:50,D10,"Temp: 33°C, Humidity: 54%",Video Processing,Fog,68,3723,9,7,204,53,51,1
2024-03-25 13:19:00,D17,"Temp: 30°C, Humidity: 37%",Data Analytics,Cloud,44,6258,28,9,149,62,63,1
2024-03-25 13:19:10,D12,"Temp: 23°C, Humidity: 74%",Image Processing,Edge,23,6163,48,1,173,77,80,0
2024-03-25 13:19:20,D16,"Temp: 28°C, Humidity: 35%",Data Analytics,Cloud,17,7487,13,4,173,64,64,1
2024-03-25 13:19:30,D14,"Temp: 25°C, Humidity: 59%",Network Traffic,Fog,51,1742,32,1,62,61,59,1
2024-03-25 13:19:40,D15,"Temp: 39°C, Humidity: 66%",Video Processing,Device,40,1782,38,1,121,70,72,1
2024-03-25 13:19:50,D18,"Temp: 30°C, Humidity: 41%",Data Analytics,Device,12,7865,20,7,230,68,71,0
2024-03-25 13:20:00,D15,"Temp: 20°C, Humidity: 67%",Network Traffic,Edge,18,4434,48,8,240,60,61,1
2024-03-25 13:20:10,D7,"Temp: 39°C, Humidity: 78%",Data Analytics,Fog,11,1181,35,7,175,64,65,1
2024-03-25 13:20:20,D13,"Temp: 20°C, Humidity: 47%",Image Processing,Fog,53,622,37,3,187,87,87,1
2024-03-25 13:20:30,D8,"Temp: 24°C, Humidity: 61%",Image Processing,Edge,63,4288,39,6,193,72,68,0
2024-03-25 13:20:40,D11,"Temp: 27°C, Humidity: 42%",Video Processing,Device,75,3888,27,3,56,85,84,1
2024-03-25 13:20:50,D9,"Temp: 34°C, Humidity: 77%",Data Analytics,Fog,32,6692,21,9,262,79,74,0
2024-03-25 13:21:00,D9,"Temp: 20°C, Humidity: 78%",Image Processing,Device,79,740,47,1,65,64,66,1
2024-03-25 13:21:10,D11,"Temp: 27°C, Humidity: 61%",Network Traffic,Cloud,30,8049,39,9,94,57,53,0
2024-03-25 13:21:20,D9,"Temp: 22°C, Humidity: 59%",Image Processing,Fog,83,2605,47,3,118,74,75,1
2024-03-25 13:21:30,D11,"Temp: 28°C, Humidity: 43%",Image Processing,Edge,62,3345,48,4,299,65,69,0
2024-03-25 13:21:40,D10,"Temp: 29°C, Humidity: 40%",Image Processing,Cloud,81,6397,13,6,244,58,55,0
2024-03-25 13:21:50,D4,"Temp: 34°C, Humidity: 79%",Video Processing,Device,76,4515,44,5,262,87,83,0
2024-03-25 13:22:00,D8,"Temp: 22°C, Humidity: 60%",Image Processing,Device,16,4946,25,3,66,64,59,0
2024-03-25 13:22:10,D10,"Temp: 27°C, Humidity: 55%",Network Traffic,Device,56,3426,47,4,145,62,59,0
2024-03-25 13:22:20,D15,"Temp: 39°C, Humidity: 47%",Image Processing,Fog,17,7483,26,3,170,69,65,0
2024-03-25 13:22:30,D4,"Temp: 36°C, Humidity: 44%",Image Processing,Device,51,4061,20,3,153,57,55,1
2024-03-25 13:22:40,D8,"Temp: 32°C, Humidity: 52%",Data Analytics,Edge,76,7410,31,6,93,76,74,1
2024-03-25 13:22:50,D13,"Temp: 22°C, Humidity: 74%",Image Processing,Device,14,3053,43,6,209,77,78,1
2024-03-25 13:23:00,D10,"Temp: 36°C, Humidity: 34%",Network Traffic,Edge,41,7853,9,1,119,55,59,0
2024-03-25 13:23:10,D13,"Temp: 24°C, Humidity: 50%",Network Traffic,Device,25,5738,22,8,246,69,69,1
2024-03-25 13:23:20,D12,"Temp: 35°C, Humidity: 73%",Video Processing,Edge,85,5893,44,5,254,60,59,1
2024-03-25 13:23:30,D14,"Temp: 21°C, Humidity: 32%",Video Processing,Fog,53,6870,42,4,117,77,74,0
2024-03-25 13:23:40,D12,"Temp: 22°C, Humidity: 40%",Video Processing,Fog,84,3407,27,5,299,78,77,1
2024-03-25 13:23:50,D10,"Temp: 36°C, Humidity: 57%",Video Processing,Edge,12,1615,34,2,244,59,57,1
2024-03-25 13:24:00,D14,"Temp: 25°C, Humidity: 71%",Image Processing,Fog,40,4319,41,4,228,73,71,1
2024-03-25 13:24:10,D14,"Temp: 34°C, Humidity: 49%",Video Processing,Cloud,50,4547,17,9,126,69,64,0
2024-03-25 13:24:20,D6,"Temp: 24°C, Humidity: 41%",Image Processing,Cloud,22,820,8,1,167,51,55,0
2024-03-25 13:24:30,D5,"Temp: 29°C, Humidity: 49%",Video Processing,Cloud,86,525,27,2,152,52,52,1
2024-03-25 13:24:40,D3,"Temp: 31°C, Humidity: 76%",Network Traffic,Device,12,2160,6,3,121,56,52,0
2024-03-25 13:24:50,D3,"Temp: 31°C, Humidity: 43%",Image Processing,Fog,60,7474,24,4,224,71,66,0
2024-03-25 13:25:00,D6,"Temp: 22°C, Humidity: 66%",Data Analytics,Device,17,6326,48,4,52,61,65,0
2024-03-25 13:25:10,D18,"Temp: 28°C, Humidity: 38%",Video Processing,Device,62,2597,27,8,226,75,72,0
2024-03-25 13:25:20,D6,"Temp: 20°C, Humidity: 70%",Video Processing,Fog,25,2535,22,1,281,84,87,0
2024-03-25 13:25:30,D11,"Temp: 29°C, Humidity: 60%",Image Processing,Edge,41,6249,23,1,51,89,86,0
2024-03-25 13:25:40,D5,"Temp: 39°C, Humidity: 58%",Image Processing,Cloud,29,3869,12,7,154,56,51,0
2024-03-25 13:25:50,D8,"Temp: 23°C, Humidity: 56%",Data Analytics,Cloud,18,7986,7,9,124,82,86,0
2024-03-25 13:26:00,D11,"Temp: 35°C, Humidity: 57%",Data Analytics,Edge,76,7964,35,8,214,85,88,0
2024-03-25 13:26:10,D17,"Temp: 29°C, Humidity: 62%",Network Traffic,Cloud,56,6736,31,4,75,50,49,1
2024-03-25 13:26:20,D13,"Temp: 24°C, Humidity: 77%",Data Analytics,Edge,89,7888,18,5,53,54,51,0
2024-03-25 13:26:30,D5,"Temp: 24°C, Humidity: 59%",Network Traffic,Cloud,29,2616,17,3,62,85,83,1
2024-03-25 13:26:40,D9,"Temp: 21°C, Humidity: 32%",Video Processing,Fog,64,7414,23,5,247,70,65,0
2024-03-25 13:26:50,D11,"Temp: 26°C, Humidity: 55%",Video Processing,Cloud,44,7455,6,7,193,75,76,1
2024-03-25 13:27:00,D6,"Temp: 31°C, Humidity: 67%",Image Processing,Cloud,36,6168,40,2,107,50,53,0
2024-03-25 13:27:10,D20,"Temp: 23°C, Humidity: 50%",Video Processing,Cloud,88,3861,23,6,99,54,51,0
2024-03-25 13:27:20,D9,"Temp: 36°C, Humidity: 62%",Video Processing,Edge,20,5116,40,4,50,51,55,0
2024-03-25 13:27:30,D17,"Temp: 22°C, Humidity: 38%",Data Analytics,Edge,68,2771,29,6,243,63,67,0
2024-03-25 13:27:40,D10,"Temp: 33°C, Humidity: 40%",Video Processing,Cloud,89,5981,10,4,226,83,84,1
2024-03-25 13:27:50,D4,"Temp: 31°C, Humidity: 33%",Data Analytics,Fog,37,897,16,1,188,87,90,0
2024-03-25 13:28:00,D19,"Temp: 38°C, Humidity: 75%",Image Processing,Fog,52,1139,45,7,218,60,62,1
2024-03-25 13:28:10,D20,"Temp: 34°C, Humidity: 61%",Network Traffic,Cloud,79,3623,14,8,59,60,64,0
2024-03-25 13:28:20,D5,"Temp: 28°C, Humidity: 55%",Video Processing,Edge,28,1923,26,3,253,50,49,1
2024-03-25 13:28:30,D15,"Temp: 28°C, Humidity: 32%",Network Traffic,Device,69,2162,15,5,105,50,45,0
2024-03-25 13:28:40,D9,"Temp: 31°C, Humidity: 67%",Video Processing,Edge,52,7355,27,4,118,85,87,1
2024-03-25 13:28:50,D6,"Temp: 25°C, Humidity: 33%",Network Traffic,Device,50,3607,37,8,263,78,75,0
2024-03-25 13:29:00,D4,"Temp: 36°C, Humidity: 52%",Network Traffic,Fog,58,4076,43,9,60,54,58,0
2024-03-25 13:29:10,D3,"Temp: 38°C, Humidity: 35%",Data Analytics,Fog,23,1087,28,2,113,72,76,0
2024-03-25 13:29:20,D19,"Temp: 31°C, Humidity: 45%",Video Processing,Cloud,11,2301,25,3,211,82,77,0
2024-03-25 13:29:30,D16,"Temp: 32°C, Humidity: 54%",Image Processing,Device,50,4603,19,8,290,65,63,1
2024-03-25 13:29:40,D10,"Temp: 35°C, Humidity: 38%",Data Analytics,Fog,72,7903,39,6,246,53,54,1
2024-03-25 13:29:50,D2,"Temp: 35°C, Humidity: 48%",Network Traffic,Edge,27,5861,14,1,211,80,78,1
2024-03-25 13:30:00,D7,"Temp: 24°C, Humidity: 69%",Image Processing,Edge,55,6154,15,4,204,78,80,1
2024-03-25 13:30:10,D14,"Temp: 23°C, Humidity: 41%",Image Processing,Cloud,29,535,39,4,90,55,57,1
2024-03-25 13:30:20,D1,"Temp: 35°C, Humidity: 68%",Video Processing,Device,33,3617,18,9,85,51,49,1
2024-03-25 13:30:30,D14,"Temp: 31°C, Humidity: 56%",Network Traffic,Cloud,44,7942,13,4,144,54,53,1
2024-03-25 13:30:40,D19,"Temp: 21°C, Humidity: 36%",Network Traffic,Device,68,4716,42,5,151,68,64,0
2024-03-25 13:30:50,D14,"Temp: 28°C, Humidity: 67%",Image Processing,Edge,31,2799,22,7,167,59,55,0
2024-03-25 13:31:00,D3,"Temp: 27°C, Humidity: 57%",Network Traffic,Fog,22,3232,33,5,127,64,62,1
2024-03-25 13:31:10,D10,"Temp: 35°C, Humidity: 32%",Network Traffic,Edge,11,1121,40,9,234,52,54,1
2024-03-25 13:31:20,D6,"Temp: 28°C, Humidity: 42%",Video Processing,Device,11,6857,18,5,219,75,79,0
2024-03-25 13:31:30,D11,"Temp: 21°C, Humidity: 35%",Network Traffic,Fog,18,6151,26,5,100,82,83,1
2024-03-25 13:31:40,D6,"Temp: 39°C, Humidity: 77%",Video Processing,Cloud,35,1601,43,5,177,63,60,0
2024-03-25 13:31:50,D16,"Temp: 31°C, Humidity: 67%",Video Processing,Cloud,83,1618,19,8,239,69,65,0
2024-03-25 13:32:00,D12,"Temp: 30°C, Humidity: 70%",Image Processing,Edge,49,1558,41,1,226,71,72,1
2024-03-25 13:32:10,D18,"Temp: 20°C, Humidity: 32%",Network Traffic,Cloud,69,1626,21,6,104,60,55,0
2024-03-25 13:32:20,D12,"Temp: 37°C, Humidity: 60%",Image Processing,Cloud,72,7273,24,4,262,61,60,1
2024-03-25 13:32:30,D15,"Temp: 39°C, Humidity: 61%",Image Processing,Fog,54,6549,29,4,202,61,62,1
2024-03-25 13:32:40,D7,"Temp: 38°C, Humidity: 36%",Network Traffic,Edge,15,7858,49,4,163,58,58,1
2024-03-25 13:32:50,D11,"Temp: 29°C, Humidity: 78%",Network Traffic,Cloud,82,1284,10,7,197,86,90,0
2024-03-25 13:33:00,D1,"Temp: 21°C, Humidity: 30%",Data Analytics,Edge,74,1535,47,1,55,64,62,1
2024-03-25 13:33:10,D6,"Temp: 34°C, Humidity: 59%",Video Processing,Fog,77,3096,30,3,284,70,73,0
2024-03-25 13:33:20,D11,"Temp: 33°C, Humidity: 34%",Data Analytics,Fog,78,2596,33,5,259,80,82,1
2024-03-25 13:33:30,D11,"Temp: 20°C, Humidity: 67%",Video Processing,Fog,17,7298,12,3,275,70,67,0
2024-03-25 13:33:40,D18,"Temp: 26°C, Humidity: 46%",Network Traffic,Fog,27,648,46,1,86,71,66,0
2024-03-25 13:33:50,D10,"Temp: 30°C, Humidity: 48%",Data Analytics,Cloud,33,700,29,3,231,88,90,1
2024-03-25 13:34:00,D9,"Temp: 39°C, Humidity: 45%",Video Processing,Fog,39,968,28,2,193,76,71,0
2024-03-25 13:34:10,D7,"Temp: 22°C, Humidity: 30%",Image Processing,Device,72,6477,44,4,135,80,78,1
2024-03-25 13:34:20,D14,"Temp: 25°C, Humidity: 68%",Data Analytics,Device,56,964,45,9,141,82,81,1
2024-03-25 13:34:30,D3,"Temp: 33°C, Humidity: 32%",Video Processing,Fog,48,2728,25,2,156,73,72,1
2024-03-25 13:34:40,D17,"Temp: 22°C, Humidity: 47%",Video Processing,Device,29,3185,34,2,238,53,49,0
2024-03-25 13:34:50,D10,"Temp: 37°C, Humidity: 40%",Video Processing,Fog,57,6711,42,4,253,79,82,0
2024-03-25 13:35:00,D9,"Temp: 28°C, Humidity: 43%",Image Processing,Device,34,8006,17,4,272,50,45,0
2024-03-25 13:35:10,D6,"Temp: 22°C, Humidity: 78%",Data Analytics,Cloud,42,3632,34,8,241,66,68,1
2024-03-25 13:35:20,D5,"Temp: 36°C, Humidity: 78%",Data Analytics,Edge,75,4206,24,9,223,58,60,1
2024-03-25 13:35:30,D1,"Temp: 32°C, Humidity: 57%",Network Traffic,Device,42,7497,8,5,206,66,66,1
2024-03-25 13:35:40,D17,"Temp: 20°C, Humidity: 45%",Network Traffic,Fog,21,3535,8,1,72,72,76,0
2024-03-25 13:35:50,D19,"Temp: 22°C, Humidity: 54%",Network Traffic,Fog,43,2385,24,9,283,65,62,0
2024-03-25 13:36:00,D6,"Temp: 39°C, Humidity: 42%",Data Analytics,Fog,10,3413,30,6,236,73,71,1
2024-03-25 13:36:10,D5,"Temp: 31°C, Humidity: 79%",Video Processing,Device,50,1819,14,2,118,65,60,0
2024-03-25 13:36:20,D20,"Temp: 28°C, Humidity: 32%",Data Analytics,Device,26,6245,9,1,289,74,75,1
2024-03-25 13:36:30,D11,"Temp: 23°C, Humidity: 61%",Image Processing,Cloud,39,7664,46,2,294,53,56,0
2024-03-25 13:36:40,D11,"Temp: 29°C, Humidity: 45%",Network Traffic,Cloud,65,6941,30,1,101,84,87,0
2024-03-25 13:36:50,D20,"Temp: 20°C, Humidity: 38%",Network Traffic,Edge,21,6609,8,6,95,55,54,1
2024-03-25 13:37:00,D6,"Temp: 24°C, Humidity: 76%",Image Processing,Device,66,6788,37,8,105,56,55,1
2024-03-25 13:37:10,D9,"Temp: 32°C, Humidity: 41%",Data Analytics,Fog,68,5328,8,7,273,56,55,1
2024-03-25 13:37:20,D20,"Temp: 34°C, Humidity: 48%",Network Traffic,Fog,32,4749,24,7,287,82,81,1
2024-03-25 13:37:30,D1,"Temp: 35°C, Humidity: 45%",Network Traffic,Cloud,58,7368,23,1,293,78,77,1
2024-03-25 13:37:40,D4,"Temp: 36°C, Humidity: 62%",Video Processing,Edge,54,4828,41,1,166,72,68,0
2024-03-25 13:37:50,D11,"Temp: 24°C, Humidity: 33%",Data Analytics,Edge,32,2186,44,5,86,75,73,1
2024-03-25 13:38:00,D13,"Temp: 32°C, Humidity: 36%",Data Analytics,Edge,63,631,46,8,254,69,73,0
2024-03-25 13:38:10,D16,"Temp: 35°C, Humidity: 63%",Image Processing,Cloud,70,1321,13,7,215,57,56,1
2024-03-25 13:38:20,D19,"Temp: 31°C, Humidity: 61%",Image Processing,Edge,78,7081,9,2,141,81,78,0
2024-03-25 13:38:30,D5,"Temp: 23°C, Humidity: 37%",Network Traffic,Cloud,77,7095,12,7,283,61,57,0
2024-03-25 13:38:40,D2,"Temp: 28°C, Humidity: 42%",Video Processing,Edge,30,2327,16,6,187,53,55,1
2024-03-25 13:38:50,D3,"Temp: 36°C, Humidity: 69%",Network Traffic,Cloud,18,2151,24,4,183,76,72,0
2024-03-25 13:39:00,D19,"Temp: 36°C, Humidity: 77%",Network Traffic,Edge,57,2750,14,1,136,78,81,0
2024-03-25 13:39:10,D15,"Temp: 25°C, Humidity: 64%",Video Processing,Fog,46,5877,32,8,253,60,55,0
2024-03-25 13:39:20,D11,"Temp: 32°C, Humidity: 43%",Image Processing,Edge,10,2351,37,7,76,82,83,1
2024-03-25 13:39:30,D14,"Temp: 37°C, Humidity: 40%",Data Analytics,Device,80,4914,17,5,169,69,67,1
2024-03-25 13:39:40,D8,"Temp: 39°C, Humidity: 52%",Data Analytics,Cloud,60,1192,6,3,254,62,63,1
2024-03-25 13:39:50,D19,"Temp: 25°C, Humidity: 52%",Video Processing,Edge,25,2818,39,8,74,77,73,0
2024-03-25 13:40:00,D4,"Temp: 23°C, Humidity: 36%",Data Analytics,Cloud,54,4099,6,8,222,71,74,0
2024-03-25 13:40:10,D4,"Temp: 21°C, Humidity: 38%",Video Processing,Edge,78,7212,11,8,180,89,89,1
2024-03-25 13:40:20,D10,"Temp: 26°C, Humidity: 62%",Image Processing,Edge,53,1979,47,2,274,54,56,1
2024-03-25 13:40:30,D18,"Temp: 25°C, Humidity: 32%",Network Traffic,Fog,53,2725,24,8,250,54,55,1
2024-03-25 13:40:40,D20,"Temp: 33°C, Humidity: 76%",Video Processing,Edge,67,6900,37,9,223,82,84,1
2024-03-25 13:40:50,D7,"Temp: 35°C, Humidity: 46%",Video Processing,Fog,36,3566,28,6,260,67,69,1
2024-03-25 13:41:00,D17,"Temp: 35°C, Humidity: 75%",Image Processing,Cloud,81,582,47,7,292,54,50,0
2024-03-25 13:41:10,D6,"Temp: 20°C, Humidity: 75%",Data Analytics,Device,83,2181,30,6,120,66,67,1
2024-03-25 13:41:20,D12,"Temp: 24°C, Humidity: 49%",Image Processing,Edge,40,2156,9,8,231,88,91,0
2024-03-25 13:41:30,D7,"Temp: 34°C, Humidity: 57%",Image Processing,Device,60,8133,26,4,200,87,85,1
2024-03-25 13:41:40,D10,"Temp: 25°C, Humidity: 52%",Image Processing,Device,24,7083,48,9,250,60,64,0
2024-03-25 13:41:50,D15,"Temp: 38°C, Humidity: 66%",Video Processing,Device,59,1342,28,3,79,56,52,0
2024-03-25 13:42:00,D2,"Temp: 27°C, Humidity: 68%",Image Processing,Device,73,4981,12,2,283,88,92,0
2024-03-25 13:42:10,D18,"Temp: 32°C, Humidity: 66%",Data Analytics,Device,73,7229,22,3,209,70,65,0
2024-03-25 13:42:20,D20,"Temp: 34°C, Humidity: 65%",Data Analytics,Fog,56,7894,28,7,226,80,79,1
2024-03-25 13:42:30,D10,"Temp: 28°C, Humidity: 62%",Data Analytics,Device,39,7426,36,2,123,66,65,1
2024-03-25 13:42:40,D9,"Temp: 35°C, Humidity: 62%",Data Analytics,Device,68,7185,39,1,234,69,65,0
2024-03-25 13:42:50,D11,"Temp: 35°C, Humidity: 52%",Image Processing,Fog,76,6225,39,3,294,77,79,1
2024-03-25 13:43:00,D4,"Temp: 34°C, Humidity: 77%",Video Processing,Fog,57,7276,19,4,268,53,52,1
2024-03-25 13:43:10,D5,"Temp: 39°C, Humidity: 76%",Image Processing,Fog,35,5981,40,2,273,60,55,0
2024-03-25 13:43:20,D1,"Temp: 26°C, Humidity: 72%",Data Analytics,Fog,69,5484,20,1,154,60,61,1
2024-03-25 13:43:30,D1,"Temp: 27°C, Humidity: 70%",Network Traffic,Fog,64,5378,6,1,59,63,58,0
2024-03-25 13:43:40,D8,"Temp: 28°C, Humidity: 31%",Video Processing,Fog,54,7811,13,8,132,73,69,0
2024-03-25 13:43:50,D14,"Temp: 31°C, Humidity: 36%",Network Traffic,Cloud,48,2284,7,4,114,66,64,1
2024-03-25 13:44:00,D13,"Temp: 33°C, Humidity: 44%",Video Processing,Edge,12,996,33,2,267,80,78,1
2024-03-25 13:44:10,D11,"Temp: 20°C, Humidity: 53%",Image Processing,Edge,62,5398,41,1,225,51,52,1
2024-03-25 13:44:20,D1,"Temp: 24°C, Humidity: 64%",Data Analytics,Cloud,77,6200,41,4,98,80,75,0
2024-03-25 13:44:30,D12,"Temp: 21°C, Humidity: 65%",Video Processing,Device,35,1998,35,3,290,84,79,0
2024-03-25 13:44:40,D3,"Temp: 23°C, Humidity: 41%",Network Traffic,Device,47,6284,10,7,234,55,58,0
2024-03-25 13:44:50,D3,"Temp: 33°C, Humidity: 60%",Video Processing,Cloud,13,7534,29,1,115,87,88,1
2024-03-25 13:45:00,D1,"Temp: 32°C, Humidity: 54%",Image Processing,Device,86,7227,28,9,127,72,74,1
2024-03-25 13:45:10,D1,"Temp: 29°C, Humidity: 79%",Video Processing,Edge,10,8184,12,5,272,54,51,0
2024-03-25 13:45:20,D17,"Temp: 35°C, Humidity: 44%",Network Traffic,Device,10,1605,30,8,270,74,73,1
2024-03-25 13:45:30,D6,"Temp: 36°C, Humidity: 47%",Network Traffic,Edge,16,620,11,8,275,63,65,1
2024-03-25 13:45:40,D2,"Temp: 23°C, Humidity: 34%",Data Analytics,Cloud,60,6485,23,4,155,87,90,0
2024-03-25 13:45:50,D16,"Temp: 27°C, Humidity: 70%",Image Processing,Device,67,7565,28,5,145,62,63,1
2024-03-25 13:46:00,D4,"Temp: 24°C, Humidity: 32%",Video Processing,Device,70,5519,30,9,239,78,73,0
2024-03-25 13:46:10,D11,"Temp: 32°C, Humidity: 69%",Data Analytics,Cloud,31,3933,9,7,59,53,53,1
2024-03-25 13:46:20,D12,"Temp: 24°C, Humidity: 60%",Data Analytics,Fog,50,5236,45,3,272,70,70,1
2024-03-25 13:46:30,D13,"Temp: 31°C, Humidity: 56%",Video Processing,Fog,47,5411,21,9,257,81,84,0
2024-03-25 13:46:40,D6,"Temp: 31°C, Humidity: 39%",Data Analytics,Cloud,47,3013,28,9,147,57,57,1
2024-03-25 13:46:50,D8,"Temp: 35°C, Humidity: 69%",Data Analytics,Device,35,4723,29,9,213,70,74,0
2024-03-25 13:47:00,D10,"Temp: 38°C, Humidity: 44%",Image Processing,Cloud,42,7329,43,3,136,64,65,1
2024-03-25 13:47:10,D5,"Temp: 34°C, Humidity: 55%",Image Processing,Cloud,53,8127,24,2,251,54,54,1
2024-03-25 13:47:20,D5,"Temp: 25°C, Humidity: 32%",Network Traffic,Cloud,89,2025,33,4,85,73,70,0
2024-03-25 13:47:30,D16,"Temp: 23°C, Humidity: 52%",Video Processing,Fog,31,7927,38,5,100,69,69,1
2024-03-25 13:47:40,D9,"Temp: 31°C, Humidity: 53%",Data Analytics,Device,87,1784,15,3,221,60,62,1
2024-03-25 13:47:50,D16,"Temp: 30°C, Humidity: 58%",Data Analytics,Device,81,1890,37,7,86,79,79,1
2024-03-25 13:48:00,D19,"Temp: 38°C, Humidity: 76%",Image Processing,Cloud,82,6565,18,6,59,84,79,0
2024-03-25 13:48:10,D18,"Temp: 31°C, Humidity: 46%",Data Analytics,Cloud,89,2912,20,4,205,67,66,1
2024-03-25 13:48:20,D11,"Temp: 26°C, Humidity: 40%",Image Processing,Cloud,89,2862,13,9,129,54,50,0
2024-03-25 13:48:30,D15,"Temp: 31°C, Humidity: 30%",Network Traffic,Cloud,59,5102,19,2,163,53,52,1
2024-03-25 13:48:40,D7,"Temp: 24°C, Humidity: 46%",Video Processing,Fog,78,809,23,7,57,62,62,1
2024-03-25 13:48:50,D16,"Temp: 39°C, Humidity: 37%",Video Processing,Fog,74,4618,23,3,66,50,45,0
2024-03-25 13:49:00,D10,"Temp: 39°C, Humidity: 74%",Network Traffic,Fog,86,3219,16,6,92,64,66,1
2024-03-25 13:49:10,D4,"Temp: 30°C, Humidity: 78%",Data Analytics,Cloud,15,1284,7,5,177,75,72,0
2024-03-25 13:49:20,D12,"Temp: 31°C, Humidity: 41%",Video Processing,Device,53,4204,44,7,188,58,55,0
2024-03-25 13:49:30,D18,"Temp: 24°C, Humidity: 69%",Image Processing,Cloud,31,6650,46,1,163,69,68,1
2024-03-25 13:49:40,D19,"Temp: 37°C, Humidity: 61%",Image Processing,Cloud,28,3552,30,9,187,73,72,1
2024-03-25 13:49:50,D11,"Temp: 24°C, Humidity: 59%",Video Processing,Fog,32,5660,25,9,52,89,87,1
2024-03-25 13:50:00,D17,"Temp: 21°C, Humidity: 70%",Data Analytics,Fog,50,1461,45,5,149,77,73,0
2024-03-25 13:50:10,D10,"Temp: 22°C, Humidity: 78%",Data Analytics,Fog,36,2900,20,1,258,69,71,1
2024-03-25 13:50:20,D2,"Temp: 31°C, Humidity: 70%",Data Analytics,Device,12,2650,6,9,228,80,83,0
2024-03-25 13:50:30,D3,"Temp: 23°C, Humidity: 42%",Video Processing,Fog,85,5737,13,8,162,68,72,0
2024-03-25 13:50:40,D20,"Temp: 29°C, Humidity: 64%",Image Processing,Device,24,1245,37,9,60,58,61,0
2024-03-25 13:50:50,D19,"Temp: 31°C, Humidity: 72%",Network Traffic,Cloud,39,2034,32,5,218,63,62,1
2024-03-25 13:51:00,D9,"Temp: 34°C, Humidity: 76%",Data Analytics,Device,12,1148,32,9,257,77,76,1
2024-03-25 13:51:10,D13,"Temp: 26°C, Humidity: 57%",Video Processing,Cloud,62,2309,27,8,206,65,69,0
2024-03-25 13:51:20,D4,"Temp: 29°C, Humidity: 37%",Video Processing,Edge,54,2073,31,6,98,51,46,0
2024-03-25 13:51:30,D5,"Temp: 20°C, Humidity: 69%",Data Analytics,Fog,64,7458,18,4,143,86,84,1
2024-03-25 13:51:40,D2,"Temp: 26°C, Humidity: 66%",Video Processing,Fog,45,1101,38,9,176,51,50,1
2024-03-25 13:51:50,D7,"Temp: 35°C, Humidity: 33%",Data Analytics,Cloud,53,5502,6,5,89,66,67,1
2024-03-25 13:52:00,D6,"Temp: 39°C, Humidity: 40%",Image Processing,Cloud,23,3748,44,5,286,82,79,0
2024-03-25 13:52:10,D15,"Temp: 22°C, Humidity: 63%",Image Processing,Fog,27,6356,38,5,146,72,75,0
2024-03-25 13:52:20,D16,"Temp: 36°C, Humidity: 73%",Network Traffic,Device,13,2282,27,3,87,65,66,1
2024-03-25 13:52:30,D3,"Temp: 35°C, Humidity: 33%",Data Analytics,Edge,86,4073,14,1,82,89,93,0
2024-03-25 13:52:40,D10,"Temp: 35°C, Humidity: 49%",Video Processing,Edge,77,7914,26,7,206,76,72,0
2024-03-25 13:52:50,D17,"Temp: 31°C, Humidity: 64%",Image Processing,Fog,19,1693,21,4,150,64,67,0
2024-03-25 13:53:00,D3,"Temp: 27°C, Humidity: 71%",Network Traffic,Device,81,5532,27,3,210,65,69,0
2024-03-25 13:53:10,D2,"Temp: 29°C, Humidity: 52%",Data Analytics,Fog,83,6203,47,6,59,50,53,0
2024-03-25 13:53:20,D1,"Temp: 26°C, Humidity: 59%",Data Analytics,Device,65,6066,33,8,140,68,70,1
2024-03-25 13:53:30,D3,"Temp: 34°C, Humidity: 74%",Video Processing,Cloud,52,4936,15,9,260,73,74,1
2024-03-25 13:53:40,D5,"Temp: 37°C, Humidity: 60%",Data Analytics,Cloud,55,7180,42,8,136,79,76,0
2024-03-25 13:53:50,D9,"Temp: 38°C, Humidity: 40%",Image Processing,Edge,34,7912,44,7,218,74,78,0
2024-03-25 13:54:00,D12,"Temp: 32°C, Humidity: 57%",Image Processing,Cloud,26,5964,25,6,215,67,62,0
2024-03-25 13:54:10,D3,"Temp: 20°C, Humidity: 58%",Video Processing,Fog,10,4216,30,5,209,74,73,1
2024-03-25 13:54:20,D15,"Temp: 22°C, Humidity: 31%",Network Traffic,Device,22,2909,25,2,68,64,67,0
2024-03-25 13:54:30,D5,"Temp: 22°C, Humidity: 62%",Video Processing,Device,45,3683,28,4,189,69,67,1
2024-03-25 13:54:40,D13,"Temp: 35°C, Humidity: 51%",Network Traffic,Edge,86,4517,7,6,274,68,63,0
2024-03-25 13:54:50,D1,"Temp: 32°C, Humidity: 75%",Data Analytics,Edge,79,3762,28,3,280,83,87,0
2024-03-25 13:55:00,D17,"Temp: 23°C, Humidity: 78%",Network Traffic,Fog,74,5998,48,7,104,70,68,1
2024-03-25 13:55:10,D12,"Temp: 31°C, Humidity: 58%",Image Processing,Edge,23,2834,13,2,56,67,62,0
2024-03-25 13:55:20,D14,"Temp: 39°C, Humidity: 52%",Data Analytics,Fog,17,5968,40,7,141,73,77,0
2024-03-25 13:55:30,D14,"Temp: 25°C, Humidity: 59%",Video Processing,Cloud,66,1532,13,2,217,84,85,1
2024-03-25 13:55:40,D6,"Temp: 39°C, Humidity: 60%",Video Processing,Device,10,2084,38,1,142,87,88,1
2024-03-25 13:55:50,D13,"Temp: 28°C, Humidity: 59%",Image Processing,Edge,27,569,33,4,177,81,83,1
2024-03-25 13:56:00,D8,"Temp: 20°C, Humidity: 60%",Network Traffic,Device,22,4787,9,9,129,53,49,0
2024-03-25 13:56:10,D5,"Temp: 32°C, Humidity: 36%",Network Traffic,Fog,21,6386,36,3,207,67,69,1
2024-03-25 13:56:20,D20,"Temp: 29°C, Humidity: 79%",Video Processing,Cloud,18,1355,5,2,137,75,72,0
2024-03-25 13:56:30,D2,"Temp: 21°C, Humidity: 72%",Video Processing,Edge,82,4093,11,9,207,85,85,1
2024-03-25 13:56:40,D11,"Temp: 37°C, Humidity: 50%",Data Analytics,Fog,81,7067,22,9,243,87,91,0
2024-03-25 13:56:50,D3,"Temp: 27°C, Humidity: 75%",Data Analytics,Cloud,79,6599,44,3,250,71,69,1
2024-03-25 13:57:00,D6,"Temp: 23°C, Humidity: 41%",Video Processing,Edge,74,3105,29,9,253,69,71,1
2024-03-25 13:57:10,D10,"Temp: 25°C, Humidity: 46%",Network Traffic,Edge,30,3160,10,5,229,81,80,1
2024-03-25 13:57:20,D14,"Temp: 25°C, Humidity: 47%",Data Analytics,Cloud,35,4552,41,8,157,59,63,0
2024-03-25 13:57:30,D3,"Temp: 30°C, Humidity: 71%",Image Processing,Cloud,25,5948,45,2,274,50,47,0
2024-03-25 13:57:40,D20,"Temp: 26°C, Humidity: 51%",Data Analytics,Cloud,73,4571,44,3,182,66,70,0
2024-03-25 13:57:50,D7,"Temp: 20°C, Humidity: 55%",Data Analytics,Device,33,2540,24,5,77,52,52,1
2024-03-25 13:58:00,D3,"Temp: 35°C, Humidity: 46%",Data Analytics,Edge,47,1959,34,9,150,64,63,1
2024-03-25 13:58:10,D9,"Temp: 22°C, Humidity: 71%",Video Processing,Fog,26,6350,21,2,207,78,80,1
2024-03-25 13:58:20,D3,"Temp: 39°C, Humidity: 59%",Data Analytics,Cloud,66,1182,24,5,145,52,54,1
2024-03-25 13:58:30,D8,"Temp: 39°C, Humidity: 43%",Image Processing,Fog,75,3855,36,9,122,57,58,1
2024-03-25 13:58:40,D12,"Temp: 25°C, Humidity: 42%",Image Processing,Device,38,4385,40,8,238,69,69,1
2024-03-25 13:58:50,D12,"Temp: 23°C, Humidity: 54%",Network Traffic,Cloud,50,2692,18,5,214,70,65,0
2024-03-25 13:59:00,D17,"Temp: 24°C, Humidity: 34%",Network Traffic,Device,68,1100,44,1,102,56,55,1
2024-03-25 13:59:10,D15,"Temp: 32°C, Humidity: 59%",Image Processing,Edge,63,3321,23,7,62,73,72,1
2024-03-25 13:59:20,D5,"Temp: 37°C, Humidity: 79%",Data Analytics,Edge,67,1080,19,7,60,79,81,1
2024-03-25 13:59:30,D18,"Temp: 24°C, Humidity: 57%",Network Traffic,Edge,49,2803,15,1,256,65,65,1
2024-03-25 13:59:40,D5,"Temp: 20°C, Humidity: 43%",Network Traffic,Device,48,557,32,8,266,51,53,1
2024-03-25 13:59:50,D16,"Temp: 36°C, Humidity: 48%",Image Processing,Edge,15,1815,34,8,208,50,46,0
2024-03-25 14:00:00,D9,"Temp: 22°C, Humidity: 69%",Video Processing,Fog,51,5517,34,6,295,69,64,0
2024-03-25 14:00:10,D17,"Temp: 29°C, Humidity: 61%",Image Processing,Device,80,2529,25,3,185,75,76,1
2024-03-25 14:00:20,D20,"Temp: 23°C, Humidity: 79%",Image Processing,Device,12,6079,36,7,158,87,85,1
2024-03-25 14:00:30,D10,"Temp: 29°C, Humidity: 47%",Network Traffic,Cloud,15,539,39,2,233,65,69,0
2024-03-25 14:00:40,D14,"Temp: 30°C, Humidity: 44%",Video Processing,Edge,40,7739,9,3,147,53,49,0
2024-03-25 14:00:50,D6,"Temp: 28°C, Humidity: 75%",Data Analytics,Device,20,7999,41,6,161,79,74,0
2024-03-25 14:01:00,D9,"Temp: 34°C, Humidity: 45%",Video Processing,Fog,33,6074,45,7,246,82,80,1
2024-03-25 14:01:10,D5,"Temp: 23°C, Humidity: 68%",Data Analytics,Cloud,74,7869,35,9,295,67,67,1
2024-03-25 14:01:20,D6,"Temp: 22°C, Humidity: 72%",Data Analytics,Edge,17,7173,37,5,156,62,65,0
2024-03-25 14:01:30,D6,"Temp: 20°C, Humidity: 41%",Video Processing,Fog,37,2635,34,5,130,60,64,0
2024-03-25 14:01:40,D10,"Temp: 34°C, Humidity: 61%",Video Processing,Edge,30,5186,38,7,61,63,62,1
2024-03-25 14:01:50,D9,"Temp: 33°C, Humidity: 73%",Video Processing,Edge,88,5875,43,7,239,87,82,0
2024-03-25 14:02:00,D14,"Temp: 37°C, Humidity: 61%",Image Processing,Edge,25,6132,17,1,287,69,72,0
2024-03-25 14:02:10,D4,"Temp: 25°C, Humidity: 77%",Network Traffic,Device,79,3792,16,4,272,55,56,1
2024-03-25 14:02:20,D13,"Temp: 36°C, Humidity: 36%",Network Traffic,Fog,13,2691,15,9,54,58,57,1
2024-03-25 14:02:30,D9,"Temp: 34°C, Humidity: 50%",Network Traffic,Fog,38,4949,8,6,60,88,88,1
2024-03-25 14:02:40,D4,"Temp: 35°C, Humidity: 73%",Data Analytics,Cloud,40,7101,31,7,211,82,86,0
2024-03-25 14:02:50,D14,"Temp: 29°C, Humidity: 38%",Image Processing,Fog,77,6973,38,1,104,61,56,0
2024-03-25 14:03:00,D6,"Temp: 20°C, Humidity: 39%",Image Processing,Edge,31,6343,8,3,135,51,46,0
2024-03-25 14:03:10,D17,"Temp: 32°C, Humidity: 47%",Network Traffic,Cloud,35,3172,12,5,194,71,74,0
2024-03-25 14:03:20,D2,"Temp: 28°C, Humidity: 39%",Data Analytics,Cloud,45,1372,38,1,215,53,55,1
2024-03-25 14:03:30,D7,"Temp: 23°C, Humidity: 74%",Video Processing,Device,89,7340,19,5,104,54,56,1
2024-03-25 14:03:40,D20,"Temp: 25°C, Humidity: 54%",Image Processing,Fog,84,3220,44,2,65,59,55,0
2024-03-25 14:03:50,D5,"Temp: 37°C, Humidity: 65%",Network Traffic,Device,46,7318,11,1,136,85,81,0
2024-03-25 14:04:00,D2,"Temp: 27°C, Humidity: 44%",Network Traffic,Cloud,64,2995,9,5,245,62,58,0
2024-03-25 14:04:10,D18,"Temp: 28°C, Humidity: 78%",Network Traffic,Device,43,3632,21,7,222,80,80,1
2024-03-25 14:04:20,D16,"Temp: 28°C, Humidity: 65%",Image Processing,Edge,11,3117,28,2,124,50,49,1
2024-03-25 14:04:30,D1,"Temp: 26°C, Humidity: 50%",Data Analytics,Fog,53,7065,29,9,141,86,85,1
2024-03-25 14:04:40,D19,"Temp: 30°C, Humidity: 56%",Data Analytics,Fog,86,4208,23,4,90,66,62,0
2024-03-25 14:04:50,D5,"Temp: 34°C, Humidity: 76%",Data Analytics,Fog,53,1052,11,8,98,66,69,0
2024-03-25 14:05:00,D3,"Temp: 33°C, Humidity: 73%",Data Analytics,Fog,60,6310,21,6,294,84,83,1
2024-03-25 14:05:10,D19,"Temp: 21°C, Humidity: 53%",Data Analytics,Device,55,6238,14,1,188,80,81,1
2024-03-25 14:05:20,D11,"Temp: 26°C, Humidity: 32%",Data Analytics,Edge,59,7731,20,6,194,52,50,1
2024-03-25 14:05:30,D17,"Temp: 35°C, Humidity: 67%",Video Processing,Edge,88,4793,33,5,231,88,91,0
2024-03-25 14:05:40,D14,"Temp: 35°C, Humidity: 32%",Network Traffic,Fog,46,5132,23,5,262,83,86,0
2024-03-25 14:05:50,D3,"Temp: 26°C, Humidity: 43%",Video Processing,Device,87,6237,16,4,84,58,53,0
2024-03-25 14:06:00,D4,"Temp: 37°C, Humidity: 67%",Video Processing,Device,33,6523,38,1,242,76,75,1
2024-03-25 14:06:10,D3,"Temp: 32°C, Humidity: 65%",Network Traffic,Fog,55,5562,14,9,295,78,79,1
2024-03-25 14:06:20,D15,"Temp: 33°C, Humidity: 77%",Data Analytics,Device,74,2270,6,8,60,70,67,0
2024-03-25 14:06:30,D1,"Temp: 32°C, Humidity: 67%",Data Analytics,Cloud,59,1252,33,2,297,81,76,0
2024-03-25 14:06:40,D14,"Temp: 32°C, Humidity: 35%",Video Processing,Device,57,7508,28,3,53,56,60,0
2024-03-25 14:06:50,D6,"Temp: 24°C, Humidity: 75%",Image Processing,Edge,73,1442,47,6,76,61,61,1
2024-03-25 14:07:00,D6,"Temp: 35°C, Humidity: 73%",Image Processing,Cloud,11,6133,25,8,247,73,75,1
2024-03-25 14:07:10,D19,"Temp: 25°C, Humidity: 57%",Image Processing,Fog,88,6973,46,7,197,84,85,1
2024-03-25 14:07:20,D12,"Temp: 34°C, Humidity: 37%",Image Processing,Edge,34,5693,48,9,155,59,62,0
2024-03-25 14:07:30,D6,"Temp: 21°C, Humidity: 34%",Video Processing,Edge,24,7220,11,2,148,53,56,0
2024-03-25 14:07:40,D19,"Temp: 26°C, Humidity: 54%",Video Processing,Edge,52,5732,8,1,71,69,64,0
2024-03-25 14:07:50,D11,"Temp: 37°C, Humidity: 45%",Image Processing,Edge,11,5426,38,5,210,51,47,0
2024-03-25 14:08:00,D20,"Temp: 34°C, Humidity: 49%",Network Traffic,Device,34,6372,39,5,144,76,75,1
2024-03-25 14:08:10,D20,"Temp: 29°C, Humidity: 41%",Image Processing,Cloud,43,6020,17,1,266,78,76,1
2024-03-25 14:08:20,D17,"Temp: 20°C, Humidity: 46%",Network Traffic,Cloud,25,6352,43,6,101,50,50,1
2024-03-25 14:08:30,D10,"Temp: 33°C, Humidity: 77%",Network Traffic,Edge,69,7856,37,4,176,82,78,0
2024-03-25 14:08:40,D5,"Temp: 33°C, Humidity: 44%",Image Processing,Fog,84,4895,32,6,134,84,81,0
2024-03-25 14:08:50,D20,"Temp: 28°C, Humidity: 38%",Image Processing,Fog,44,2372,26,4,282,78,77,1
2024-03-25 14:09:00,D14,"Temp: 33°C, Humidity: 44%",Network Traffic,Edge,79,1537,21,3,75,77,73,0
2024-03-25 14:09:10,D8,"Temp: 31°C, Humidity: 36%",Network Traffic,Device,38,5400,15,6,74,63,61,1
2024-03-25 14:09:20,D20,"Temp: 29°C, Humidity: 42%",Network Traffic,Fog,12,4123,9,8,207,70,72,1
2024-03-25 14:09:30,D2,"Temp: 38°C, Humidity: 35%",Video Processing,Cloud,67,6797,11,3,86,72,68,0
2024-03-25 14:09:40,D9,"Temp: 39°C, Humidity: 40%",Image Processing,Fog,56,4518,45,7,284,56,51,0
2024-03-25 14:09:50,D3,"Temp: 35°C, Humidity: 50%",Video Processing,Edge,54,1288,46,1,144,63,64,1
2024-03-25 14:10:00,D14,"Temp: 39°C, Humidity: 31%",Video Processing,Device,43,6453,13,4,251,58,56,1
2024-03-25 14:10:10,D20,"Temp: 20°C, Humidity: 44%",Video Processing,Cloud,81,1735,15,1,116,50,45,0
2024-03-25 14:10:20,D13,"Temp: 23°C, Humidity: 78%",Data Analytics,Edge,76,5584,5,4,88,68,66,1
2024-03-25 14:10:30,D18,"Temp: 29°C, Humidity: 74%",Network Traffic,Cloud,19,4524,9,4,284,71,66,0
2024-03-25 14:10:40,D1,"Temp: 27°C, Humidity: 67%",Image Processing,Device,76,5797,7,5,172,82,78,0
2024-03-25 14:10:50,D13,"Temp: 21°C, Humidity: 69%",Network Traffic,Edge,30,4376,30,3,54,82,77,0
2024-03-25 14:11:00,D13,"Temp: 20°C, Humidity: 61%",Image Processing,Device,67,5873,38,1,188,76,71,0
2024-03-25 14:11:10,D17,"Temp: 30°C, Humidity: 78%",Network Traffic,Fog,59,1232,16,8,167,86,85,1
2024-03-25 14:11:20,D13,"Temp: 33°C, Humidity: 61%",Image Processing,Edge,47,3518,22,6,265,71,72,1
2024-03-25 14:11:30,D10,"Temp: 20°C, Humidity: 40%",Network Traffic,Edge,48,3170,41,8,150,66,66,1
2024-03-25 14:11:40,D14,"Temp: 31°C, Humidity: 34%",Data Analytics,Edge,11,4871,23,1,145,60,58,1
2024-03-25 14:11:50,D14,"Temp: 31°C, Humidity: 36%",Data Analytics,Fog,69,3678,15,7,107,54,49,0
2024-03-25 14:12:00,D13,"Temp: 36°C, Humidity: 69%",Data Analytics,Device,30,7416,40,3,257,66,62,0
2024-03-25 14:12:10,D17,"Temp: 34°C, Humidity: 43%",Image Processing,Device,41,3919,25,2,244,59,60,1
2024-03-25 14:12:20,D18,"Temp: 29°C, Humidity: 55%",Network Traffic,Cloud,83,881,33,9,63,56,53,0
2024-03-25 14:12:30,D1,"Temp: 24°C, Humidity: 33%",Data Analytics,Fog,63,1275,33,1,136,83,80,0
2024-03-25 14:12:40,D3,"Temp: 39°C, Humidity: 55%",Data Analytics,Cloud,19,7595,23,8,227,62,66,0
2024-03-25 14:12:50,D11,"Temp: 38°C, Humidity: 72%",Data Analytics,Fog,19,5649,22,2,111,85,88,0
2024-03-25 14:13:00,D17,"Temp: 23°C, Humidity: 43%",Data Analytics,Device,63,5548,20,9,92,52,55,0
2024-03-25 14:13:10,D19,"Temp: 21°C, Humidity: 61%",Network Traffic,Fog,26,5609,26,7,273,57,53,0
2024-03-25 14:13:20,D2,"Temp: 32°C, Humidity: 47%",Image Processing,Fog,30,3059,33,8,60,55,59,0
2024-03-25 14:13:30,D19,"Temp: 36°C, Humidity: 48%",Image Processing,Fog,43,5126,43,4,72,88,92,0
2024-03-25 14:13:40,D11,"Temp: 22°C, Humidity: 54%",Video Processing,Fog,50,7380,8,4,232,84,82,1
2024-03-25 14:13:50,D5,"Temp: 25°C, Humidity: 54%",Network Traffic,Edge,28,5833,10,7,184,61,59,1
2024-03-25 14:14:00,D15,"Temp: 25°C, Humidity: 79%",Network Traffic,Device,65,7233,34,5,166,67,66,1
2024-03-25 14:14:10,D2,"Temp: 30°C, Humidity: 56%",Image Processing,Edge,86,7843,38,3,223,87,88,1
2024-03-25 14:14:20,D1,"Temp: 34°C, Humidity: 46%",Image Processing,Cloud,63,1355,19,7,73,52,54,1
2024-03-25 14:14:30,D12,"Temp: 39°C, Humidity: 52%",Data Analytics,Device,50,3359,21,7,182,54,57,0
2024-03-25 14:14:40,D6,"Temp: 39°C, Humidity: 39%",Image Processing,Fog,41,7455,42,4,82,52,56,0
2024-03-25 14:14:50,D11,"Temp: 28°C, Humidity: 66%",Data Analytics,Device,20,6570,43,2,217,79,76,0
2024-03-25 14:15:00,D17,"Temp: 22°C, Humidity: 70%",Network Traffic,Edge,55,2297,25,4,256,69,72,0
2024-03-25 14:15:10,D12,"Temp: 34°C, Humidity: 34%",Video Processing,Edge,72,4321,10,5,214,85,85,1
2024-03-25 14:15:20,D17,"Temp: 24°C, Humidity: 79%",Network Traffic,Fog,14,8076,21,6,150,62,61,1
2024-03-25 14:15:30,D20,"Temp: 36°C, Humidity: 31%",Data Analytics,Fog,43,3158,37,3,251,81,84,0
2024-03-25 14:15:40,D15,"Temp: 32°C, Humidity: 68%",Data Analytics,Fog,28,3676,34,7,245,73,74,1
2024-03-25 14:15:50,D16,"Temp: 39°C, Humidity: 75%",Image Processing,Fog,66,3347,45,6,104,60,55,0
2024-03-25 14:16:00,D9,"Temp: 29°C, Humidity: 65%",Network Traffic,Edge,76,790,32,1,218,79,75,0
2024-03-25 14:16:10,D15,"Temp: 38°C, Humidity: 68%",Data Analytics,Device,63,3430,24,1,56,67,63,0
2024-03-25 14:16:20,D8,"Temp: 31°C, Humidity: 42%",Data Analytics,Edge,73,2853,29,8,144,83,82,1
2024-03-25 14:16:30,D14,"Temp: 25°C, Humidity: 63%",Video Processing,Cloud,80,7144,21,9,160,89,91,1
2024-03-25 14:16:40,D6,"Temp: 21°C, Humidity: 56%",Image Processing,Fog,10,6902,49,3,64,51,46,0
2024-03-25 14:16:50,D18,"Temp: 24°C, Humidity: 67%",Image Processing,Device,72,7595,45,3,106,86,90,0
2024-03-25 14:17:00,D6,"Temp: 31°C, Humidity: 54%",Image Processing,Edge,25,7818,30,8,231,54,52,1
2024-03-25 14:17:10,D9,"Temp: 23°C, Humidity: 41%",Data Analytics,Edge,26,3066,34,1,189,55,55,1
2024-03-25 14:17:20,D2,"Temp: 38°C, Humidity: 54%",Data Analytics,Fog,58,7681,30,9,57,75,74,1
2024-03-25 14:17:30,D8,"Temp: 32°C, Humidity: 78%",Network Traffic,Cloud,82,7490,27,2,177,52,49,0
2024-03-25 14:17:40,D15,"Temp: 35°C, Humidity: 58%",Data Analytics,Fog,14,2604,14,3,205,53,50,0
2024-03-25 14:17:50,D2,"Temp: 24°C, Humidity: 57%",Video Processing,Edge,35,640,41,4,107,86,83,0
2024-03-25 14:18:00,D5,"Temp: 23°C, Humidity: 41%",Data Analytics,Device,82,7569,46,4,93,87,83,0
2024-03-25 14:18:10,D13,"Temp: 31°C, Humidity: 57%",Data Analytics,Device,37,1688,29,8,103,88,88,1
2024-03-25 14:18:20,D4,"Temp: 36°C, Humidity: 48%",Data Analytics,Fog,29,1887,9,6,272,63,66,0
2024-03-25 14:18:30,D19,"Temp: 34°C, Humidity: 53%",Data Analytics,Device,20,5379,32,4,287,54,56,1
2024-03-25 14:18:40,D20,"Temp: 23°C, Humidity: 53%",Network Traffic,Edge,52,5239,5,9,156,88,91,0
2024-03-25 14:18:50,D15,"Temp: 35°C, Humidity: 49%",Network Traffic,Device,79,7050,41,6,110,82,80,1
2024-03-25 14:19:00,D3,"Temp: 25°C, Humidity: 68%",Image Processing,Cloud,61,1517,28,7,257,75,74,1
2024-03-25 14:19:10,D17,"Temp: 21°C, Humidity: 72%",Video Processing,Device,79,4342,10,1,296,72,67,0
2024-03-25 14:19:20,D18,"Temp: 25°C, Humidity: 71%",Image Processing,Cloud,22,7198,36,1,77,60,63,0
2024-03-25 14:19:30,D17,"Temp: 32°C, Humidity: 59%",Image Processing,Fog,32,555,39,5,137,67,65,1
2024-03-25 14:19:40,D11,"Temp: 25°C, Humidity: 38%",Network Traffic,Edge,86,7135,29,2,191,88,90,1
2024-03-25 14:19:50,D8,"Temp: 27°C, Humidity: 39%",Network Traffic,Device,30,6818,40,4,181,50,52,1
2024-03-25 14:20:00,D14,"Temp: 28°C, Humidity: 59%",Image Processing,Cloud,33,7175,13,4,101,76,80,0
2024-03-25 14:20:10,D11,"Temp: 38°C, Humidity: 73%",Network Traffic,Edge,54,3292,26,8,253,72,73,1
2024-03-25 14:20:20,D20,"Temp: 20°C, Humidity: 35%",Video Processing,Cloud,29,6978,46,6,299,54,51,0
2024-03-25 14:20:30,D13,"Temp: 28°C, Humidity: 70%",Network Traffic,Device,59,934,48,7,271,65,60,0
2024-03-25 14:20:40,D17,"Temp: 34°C, Humidity: 68%",Data Analytics,Device,24,5842,45,9,248,60,61,1
2024-03-25 14:20:50,D8,"Temp: 22°C, Humidity: 74%",Data Analytics,Cloud,65,6135,35,4,51,71,67,0
2024-03-25 14:21:00,D1,"Temp: 24°C, Humidity: 54%",Image Processing,Edge,43,4255,21,6,120,86,89,0
2024-03-25 14:21:10,D19,"Temp: 31°C, Humidity: 51%",Video Processing,Edge,30,3756,22,2,109,64,64,1
2024-03-25 14:21:20,D8,"Temp: 33°C, Humidity: 50%",Image Processing,Cloud,18,1334,45,9,288,56,56,1
2024-03-25 14:21:30,D12,"Temp: 24°C, Humidity: 38%",Image Processing,Cloud,18,4966,24,8,97,85,81,0
2024-03-25 14:21:40,D6,"Temp: 39°C, Humidity: 32%",Video Processing,Device,68,5327,33,7,210,74,70,0
2024-03-25 14:21:50,D8,"Temp: 30°C, Humidity: 52%",Video Processing,Edge,27,3042,40,8,290,56,58,1
2024-03-25 14:22:00,D20,"Temp: 37°C, Humidity: 53%",Network Traffic,Device,46,3734,16,6,53,69,66,0
2024-03-25 14:22:10,D6,"Temp: 25°C, Humidity: 64%",Video Processing,Edge,66,7082,38,4,83,51,51,1
2024-03-25 14:22:20,D14,"Temp: 23°C, Humidity: 50%",Image Processing,Fog,55,2963,27,1,213,81,78,0
2024-03-25 14:22:30,D7,"Temp: 34°C, Humidity: 53%",Data Analytics,Cloud,77,6175,15,6,197,86,82,0
2024-03-25 14:22:40,D10,"Temp: 25°C, Humidity: 69%",Network Traffic,Fog,72,3294,38,3,125,87,90,0
2024-03-25 14:22:50,D20,"Temp: 26°C, Humidity: 34%",Video Processing,Cloud,65,3203,14,7,192,80,82,1
2024-03-25 14:23:00,D19,"Temp: 34°C, Humidity: 46%",Network Traffic,Edge,71,3915,8,2,94,72,74,1
2024-03-25 14:23:10,D6,"Temp: 29°C, Humidity: 65%",Video Processing,Edge,27,5226,11,2,214,50,52,1
2024-03-25 14:23:20,D6,"Temp: 30°C, Humidity: 50%",Data Analytics,Fog,19,3421,5,3,112,80,79,1
2024-03-25 14:23:30,D18,"Temp: 25°C, Humidity: 61%",Data Analytics,Device,64,1515,28,8,260,68,65,0
2024-03-25 14:23:40,D7,"Temp: 29°C, Humidity: 57%",Image Processing,Device,40,2020,32,3,86,80,80,1
2024-03-25 14:23:50,D12,"Temp: 25°C, Humidity: 37%",Image Processing,Fog,75,2541,21,3,262,71,68,0
2024-03-25 14:24:00,D6,"Temp: 27°C, Humidity: 52%",Image Processing,Edge,36,2022,44,5,195,76,72,0
2024-03-25 14:24:10,D7,"Temp: 23°C, Humidity: 59%",Data Analytics,Cloud,18,6035,49,8,192,79,80,1
2024-03-25 14:24:20,D11,"Temp: 24°C, Humidity: 62%",Data Analytics,Edge,47,3877,41,3,149,82,83,1
2024-03-25 14:24:30,D5,"Temp: 29°C, Humidity: 60%",Network Traffic,Fog,21,4993,38,9,215,76,77,1
2024-03-25 14:24:40,D20,"Temp: 35°C, Humidity: 33%",Video Processing,Fog,47,7308,47,2,271,84,79,0
2024-03-25 14:24:50,D15,"Temp: 39°C, Humidity: 67%",Image Processing,Edge,43,2448,48,7,287,83,79,0
2024-03-25 14:25:00,D1,"Temp: 28°C, Humidity: 59%",Data Analytics,Fog,39,5501,33,9,146,55,59,0
2024-03-25 14:25:10,D14,"Temp: 26°C, Humidity: 64%",Video Processing,Device,73,617,37,3,84,77,74,0
2024-03-25 14:25:20,D5,"Temp: 38°C, Humidity: 65%",Network Traffic,Device,10,8013,27,3,206,80,82,1
2024-03-25 14:25:30,D5,"Temp: 29°C, Humidity: 44%",Video Processing,Fog,76,5268,14,1,210,87,90,0
2024-03-25 14:25:40,D17,"Temp: 24°C, Humidity: 35%",Network Traffic,Edge,23,6619,21,1,277,50,46,0
2024-03-25 14:25:50,D12,"Temp: 36°C, Humidity: 36%",Video Processing,Fog,84,6809,33,5,271,67,65,1
2024-03-25 14:26:00,D12,"Temp: 23°C, Humidity: 62%",Video Processing,Device,43,3934,25,1,281,75,73,1
2024-03-25 14:26:10,D11,"Temp: 37°C, Humidity: 61%",Video Processing,Fog,26,4896,27,4,153,87,91,0
2024-03-25 14:26:20,D11,"Temp: 39°C, Humidity: 47%",Data Analytics,Edge,61,7742,48,8,238,82,85,0
2024-03-25 14:26:30,D19,"Temp: 25°C, Humidity: 54%",Video Processing,Cloud,87,7747,19,1,146,53,49,0
2024-03-25 14:26:40,D11,"Temp: 38°C, Humidity: 49%",Data Analytics,Device,34,1011,29,2,186,72,73,1
2024-03-25 14:26:50,D2,"Temp: 35°C, Humidity: 36%",Network Traffic,Fog,42,1747,21,3,62,83,83,1
2024-03-25 14:27:00,D10,"Temp: 24°C, Humidity: 31%",Data Analytics,Edge,70,6951,17,5,192,63,63,1
2024-03-25 14:27:10,D9,"Temp: 27°C, Humidity: 38%",Video Processing,Cloud,14,7513,48,2,210,81,79,1
2024-03-25 14:27:20,D4,"Temp: 27°C, Humidity: 72%",Image Processing,Fog,11,3468,17,6,172,61,56,0
2024-03-25 14:27:30,D11,"Temp: 20°C, Humidity: 54%",Data Analytics,Fog,69,870,46,8,216,71,73,1
2024-03-25 14:27:40,D17,"Temp: 31°C, Humidity: 68%",Video Processing,Fog,45,3562,13,9,199,76,80,0
2024-03-25 14:27:50,D7,"Temp: 30°C, Humidity: 56%",Image Processing,Cloud,21,4993,38,6,185,59,56,0
2024-03-25 14:28:00,D14,"Temp: 21°C, Humidity: 34%",Video Processing,Device,34,5997,44,9,221,57,56,1
2024-03-25 14:28:10,D5,"Temp: 30°C, Humidity: 41%",Image Processing,Cloud,47,2205,33,9,68,50,48,1
2024-03-25 14:28:20,D4,"Temp: 33°C, Humidity: 45%",Video Processing,Device,40,5984,28,4,264,74,72,1
2024-03-25 14:28:30,D9,"Temp: 31°C, Humidity: 76%",Data Analytics,Edge,27,7129,29,8,158,85,80,0
2024-03-25 14:28:40,D11,"Temp: 21°C, Humidity: 70%",Video Processing,Edge,67,7964,21,3,61,61,57,0
2024-03-25 14:28:50,D18,"Temp: 33°C, Humidity: 33%",Network Traffic,Edge,31,966,9,6,179,70,66,0
2024-03-25 14:29:00,D18,"Temp: 28°C, Humidity: 46%",Video Processing,Fog,74,5036,43,6,152,50,53,0
2024-03-25 14:29:10,D9,"Temp: 33°C, Humidity: 33%",Data Analytics,Fog,88,1915,28,6,186,77,78,1
2024-03-25 14:29:20,D9,"Temp: 26°C, Humidity: 43%",Data Analytics,Device,14,3016,9,4,170,87,90,0
2024-03-25 14:29:30,D12,"Temp: 24°C, Humidity: 38%",Network Traffic,Cloud,54,5827,32,1,211,80,80,1
2024-03-25 14:29:40,D6,"Temp: 38°C, Humidity: 48%",Image Processing,Fog,35,6617,10,1,166,67,66,1
2024-03-25 14:29:50,D5,"Temp: 25°C, Humidity: 59%",Data Analytics,Edge,58,7308,47,2,228,65,62,0
2024-03-25 14:30:00,D18,"Temp: 25°C, Humidity: 38%",Data Analytics,Fog,35,3430,31,3,173,66,66,1
2024-03-25 14:30:10,D2,"Temp: 25°C, Humidity: 49%",Network Traffic,Fog,36,7723,46,5,278,56,55,1
2024-03-25 14:30:20,D18,"Temp: 26°C, Humidity: 30%",Video Processing,Edge,17,5540,14,1,130,74,72,1
2024-03-25 14:30:30,D16,"Temp: 26°C, Humidity: 51%",Network Traffic,Device,37,4760,15,6,197,85,89,0
2024-03-25 14:30:40,D10,"Temp: 36°C, Humidity: 61%",Network Traffic,Edge,13,1789,47,2,95,86,90,0
2024-03-25 14:30:50,D3,"Temp: 32°C, Humidity: 45%",Network Traffic,Edge,45,6041,17,9,91,72,70,1
2024-03-25 14:31:00,D19,"Temp: 25°C, Humidity: 56%",Network Traffic,Device,38,4959,32,6,151,81,83,1
2024-03-25 14:31:10,D20,"Temp: 25°C, Humidity: 42%",Network Traffic,Fog,26,7019,15,5,161,84,86,1
2024-03-25 14:31:20,D20,"Temp: 31°C, Humidity: 65%",Image Processing,Edge,85,4113,12,1,180,85,85,1
2024-03-25 14:31:30,D19,"Temp: 31°C, Humidity: 64%",Data Analytics,Edge,25,2757,40,8,223,70,71,1
2024-03-25 14:31:40,D9,"Temp: 25°C, Humidity: 56%",Video Processing,Cloud,74,4711,6,3,139,73,75,1
2024-03-25 14:31:50,D16,"Temp: 29°C, Humidity: 51%",Data Analytics,Edge,67,727,47,8,103,62,65,0
2024-03-25 14:32:00,D10,"Temp: 37°C, Humidity: 75%",Image Processing,Edge,30,5312,41,9,144,51,48,0
2024-03-25 14:32:10,D1,"Temp: 23°C, Humidity: 34%",Network Traffic,Cloud,10,2245,16,2,197,60,59,1
2024-03-25 14:32:20,D11,"Temp: 20°C, Humidity: 50%",Image Processing,Device,65,5520,29,5,244,66,69,0
2024-03-25 14:32:30,D16,"Temp: 37°C, Humidity: 71%",Network Traffic,Edge,75,7953,47,1,240,53,56,0
2024-03-25 14:32:40,D15,"Temp: 36°C, Humidity: 74%",Network Traffic,Device,79,4294,13,1,232,59,55,0
2024-03-25 14:32:50,D17,"Temp: 34°C, Humidity: 50%",Network Traffic,Edge,70,1979,19,4,104,70,65,0
2024-03-25 14:33:00,D20,"Temp: 21°C, Humidity: 36%",Data Analytics,Cloud,22,5171,11,5,109,78,77,1
2024-03-25 14:33:10,D10,"Temp: 39°C, Humidity: 54%",Image Processing,Cloud,74,8083,17,1,176,77,78,1
2024-03-25 14:33:20,D7,"Temp: 28°C, Humidity: 61%",Data Analytics,Device,69,8095,47,3,73,50,51,1
2024-03-25 14:33:30,D16,"Temp: 30°C, Humidity: 64%",Image Processing,Device,68,4270,39,3,198,63,66,0
2024-03-25 14:33:40,D4,"Temp: 32°C, Humidity: 57%",Network Traffic,Fog,51,6947,29,9,258,73,70,0
2024-03-25 14:33:50,D13,"Temp: 25°C, Humidity: 67%",Data Analytics,Cloud,14,893,15,1,157,69,70,1
2024-03-25 14:34:00,D8,"Temp: 29°C, Humidity: 46%",Network Traffic,Cloud,25,3853,16,9,273,78,76,1
2024-03-25 14:34:10,D18,"Temp: 28°C, Humidity: 30%",Image Processing,Cloud,10,6446,31,1,232,87,84,0
2024-03-25 14:34:20,D18,"Temp: 30°C, Humidity: 64%",Image Processing,Fog,80,7266,23,1,125,65,69,0
2024-03-25 14:34:30,D6,"Temp: 25°C, Humidity: 60%",Data Analytics,Edge,52,2790,42,4,164,71,71,1
2024-03-25 14:34:40,D2,"Temp: 20°C, Humidity: 70%",Data Analytics,Edge,20,4609,25,1,286,87,88,1
2024-03-25 14:34:50,D3,"Temp: 27°C, Humidity: 57%",Data Analytics,Fog,34,6773,38,8,226,59,62,0
2024-03-25 14:35:00,D7,"Temp: 24°C, Humidity: 73%",Network Traffic,Fog,88,4036,29,3,204,87,88,1
2024-03-25 14:35:10,D15,"Temp: 21°C, Humidity: 37%",Data Analytics,Device,88,2230,33,4,247,50,52,1
2024-03-25 14:35:20,D2,"Temp: 21°C, Humidity: 37%",Image Processing,Device,52,4434,44,1,66,54,49,0
2024-03-25 14:35:30,D13,"Temp: 27°C, Humidity: 56%",Image Processing,Device,67,4710,34,8,276,55,58,0
2024-03-25 14:35:40,D11,"Temp: 29°C, Humidity: 69%",Data Analytics,Fog,31,5187,23,9,141,54,53,1
2024-03-25 14:35:50,D5,"Temp: 29°C, Humidity: 61%",Image Processing,Device,40,5131,34,5,111,56,52,0
2024-03-25 14:36:00,D13,"Temp: 29°C, Humidity: 69%",Data Analytics,Cloud,85,4471,12,7,102,85,89,0
2024-03-25 14:36:10,D8,"Temp: 35°C, Humidity: 40%",Network Traffic,Device,64,4317,26,2,149,83,80,0
2024-03-25 14:36:20,D8,"Temp: 25°C, Humidity: 54%",Image Processing,Edge,73,2824,12,5,294,71,70,1
2024-03-25 14:36:30,D13,"Temp: 21°C, Humidity: 49%",Video Processing,Cloud,32,3956,43,4,96,75,78,0
2024-03-25 14:36:40,D7,"Temp: 20°C, Humidity: 78%",Image Processing,Edge,64,1859,25,8,267,63,66,0
2024-03-25 14:36:50,D9,"Temp: 24°C, Humidity: 61%",Image Processing,Edge,35,7858,28,2,269,59,54,0
2024-03-25 14:37:00,D7,"Temp: 37°C, Humidity: 32%",Video Processing,Fog,63,1815,35,6,225,82,83,1
2024-03-25 14:37:10,D12,"Temp: 26°C, Humidity: 69%",Image Processing,Edge,88,3543,8,3,91,55,59,0
2024-03-25 14:37:20,D9,"Temp: 26°C, Humidity: 54%",Network Traffic,Fog,54,3077,49,6,294,58,61,0
2024-03-25 14:37:30,D18,"Temp: 36°C, Humidity: 65%",Data Analytics,Edge,14,5975,19,7,99,60,57,0
2024-03-25 14:37:40,D14,"Temp: 32°C, Humidity: 52%",Image Processing,Edge,59,1930,7,1,99,61,57,0
2024-03-25 14:37:50,D1,"Temp: 32°C, Humidity: 53%",Video Processing,Cloud,43,1922,30,2,242,52,54,1
2024-03-25 14:38:00,D8,"Temp: 30°C, Humidity: 59%",Network Traffic,Fog,39,2406,40,6,102,65,60,0
2024-03-25 14:38:10,D14,"Temp: 30°C, Humidity: 78%",Data Analytics,Edge,24,7408,27,7,206,54,49,0
2024-03-25 14:38:20,D2,"Temp: 29°C, Humidity: 68%",Video Processing,Edge,77,7247,16,2,205,83,80,0
2024-03-25 14:38:30,D15,"Temp: 36°C, Humidity: 49%",Image Processing,Edge,73,4871,24,4,93,79,74,0
2024-03-25 14:38:40,D14,"Temp: 30°C, Humidity: 44%",Image Processing,Cloud,65,1217,19,7,86,54,56,1
2024-03-25 14:38:50,D20,"Temp: 34°C, Humidity: 33%",Data Analytics,Edge,60,2437,26,7,169,89,93,0
2024-03-25 14:39:00,D1,"Temp: 24°C, Humidity: 57%",Image Processing,Cloud,86,7651,13,7,106,55,56,1
2024-03-25 14:39:10,D16,"Temp: 26°C, Humidity: 37%",Video Processing,Edge,18,1499,22,8,272,60,62,1
2024-03-25 14:39:20,D16,"Temp: 37°C, Humidity: 60%",Network Traffic,Edge,23,2437,18,8,95,77,79,1
2024-03-25 14:39:30,D15,"Temp: 30°C, Humidity: 57%",Video Processing,Cloud,78,6127,7,3,253,51,53,1
2024-03-25 14:39:40,D16,"Temp: 30°C, Humidity: 41%",Image Processing,Device,70,7488,41,3,221,61,62,1
2024-03-25 14:39:50,D6,"Temp: 20°C, Humidity: 60%",Data Analytics,Edge,89,3683,31,2,141,88,92,0
2024-03-25 14:40:00,D8,"Temp: 23°C, Humidity: 57%",Video Processing,Fog,10,7181,14,2,61,81,79,1
2024-03-25 14:40:10,D10,"Temp: 26°C, Humidity: 79%",Video Processing,Cloud,20,1715,19,5,90,66,62,0
2024-03-25 14:40:20,D17,"Temp: 26°C, Humidity: 70%",Data Analytics,Device,31,7945,23,2,299,65,65,1
2024-03-25 14:40:30,D5,"Temp: 35°C, Humidity: 57%",Data Analytics,Device,86,2953,16,6,90,65,67,1
2024-03-25 14:40:40,D19,"Temp: 23°C, Humidity: 76%",Data Analytics,Edge,73,6085,16,5,51,54,49,0
2024-03-25 14:40:50,D17,"Temp: 35°C, Humidity: 46%",Video Processing,Device,63,6528,42,9,65,83,84,1
2024-03-25 14:41:00,D19,"Temp: 39°C, Humidity: 53%",Data Analytics,Cloud,28,3875,48,9,133,77,79,1
2024-03-25 14:41:10,D16,"Temp: 31°C, Humidity: 68%",Network Traffic,Edge,85,4891,13,8,160,71,67,0
2024-03-25 14:41:20,D1,"Temp: 23°C, Humidity: 47%",Data Analytics,Edge,42,2957,49,9,235,81,83,1
2024-03-25 14:41:30,D12,"Temp: 32°C, Humidity: 34%",Video Processing,Device,57,7212,6,3,73,79,78,1
2024-03-25 14:41:40,D6,"Temp: 26°C, Humidity: 40%",Image Processing,Cloud,24,5239,12,9,159,62,59,0
2024-03-25 14:41:50,D18,"Temp: 22°C, Humidity: 75%",Image Processing,Device,45,5972,13,3,122,62,65,0
2024-03-25 14:42:00,D17,"Temp: 36°C, Humidity: 47%",Network Traffic,Edge,84,1733,15,6,260,82,84,1
2024-03-25 14:42:10,D15,"Temp: 26°C, Humidity: 72%",Image Processing,Cloud,45,966,8,2,147,51,49,1
2024-03-25 14:42:20,D15,"Temp: 35°C, Humidity: 76%",Network Traffic,Fog,59,3164,12,8,113,72,73,1
2024-03-25 14:42:30,D15,"Temp: 39°C, Humidity: 50%",Image Processing,Device,24,4523,27,9,162,78,74,0
2024-03-25 14:42:40,D17,"Temp: 30°C, Humidity: 42%",Image Processing,Cloud,77,4899,16,9,231,54,57,0
2024-03-25 14:42:50,D11,"Temp: 20°C, Humidity: 74%",Data Analytics,Fog,67,3819,16,6,227,52,54,1
2024-03-25 14:43:00,D19,"Temp: 29°C, Humidity: 58%",Data Analytics,Device,67,4690,12,7,148,75,77,1
2024-03-25 14:43:10,D13,"Temp: 32°C, Humidity: 47%",Video Processing,Edge,68,5023,11,8,287,87,89,1
2024-03-25 14:43:20,D8,"Temp: 39°C, Humidity: 65%",Image Processing,Cloud,46,1902,31,1,177,50,54,0
2024-03-25 14:43:30,D10,"Temp: 29°C, Humidity: 75%",Data Analytics,Edge,34,7516,45,1,188,88,91,0
2024-03-25 14:43:40,D8,"Temp: 23°C, Humidity: 58%",Image Processing,Fog,88,6658,8,1,277,79,76,0
2024-03-25 14:43:50,D16,"Temp: 28°C, Humidity: 62%",Video Processing,Device,71,1343,47,1,121,70,70,1
2024-03-25 14:44:00,D16,"Temp: 21°C, Humidity: 65%",Video Processing,Cloud,26,2174,21,1,170,64,59,0
2024-03-25 14:44:10,D12,"Temp: 25°C, Humidity: 54%",Image Processing,Fog,53,2249,5,1,170,63,60,0
2024-03-25 14:44:20,D3,"Temp: 30°C, Humidity: 70%",Data Analytics,Device,81,1499,9,5,124,80,77,0
2024-03-25 14:44:30,D13,"Temp: 20°C, Humidity: 54%",Image Processing,Device,67,8003,16,1,186,82,83,1
2024-03-25 14:44:40,D15,"Temp: 23°C, Humidity: 48%",Network Traffic,Fog,50,1016,30,6,80,56,52,0
2024-03-25 14:44:50,D5,"Temp: 30°C, Humidity: 48%",Image Processing,Cloud,53,4438,36,3,152,72,67,0
2024-03-25 14:45:00,D10,"Temp: 29°C, Humidity: 57%",Image Processing,Cloud,27,7518,17,8,234,84,84,1
2024-03-25 14:45:10,D15,"Temp: 39°C, Humidity: 46%",Image Processing,Cloud,66,3312,25,6,262,55,58,0
2024-03-25 14:45:20,D17,"Temp: 22°C, Humidity: 67%",Image Processing,Cloud,80,2970,11,9,114,81,82,1
2024-03-25 14:45:30,D14,"Temp: 27°C, Humidity: 43%",Data Analytics,Cloud,45,4662,28,4,190,68,64,0
2024-03-25 14:45:40,D5,"Temp: 38°C, Humidity: 63%",Network Traffic,Device,85,7571,27,2,242,66,67,1
2024-03-25 14:45:50,D20,"Temp: 22°C, Humidity: 70%",Image Processing,Device,64,3148,27,1,259,80,82,1
2024-03-25 14:46:00,D3,"Temp: 20°C, Humidity: 50%",Image Processing,Cloud,89,540,17,1,114,60,60,1
2024-03-25 14:46:10,D8,"Temp: 34°C, Humidity: 35%",Video Processing,Cloud,43,1469,33,2,207,86,81,0
2024-03-25 14:46:20,D1,"Temp: 26°C, Humidity: 61%",Video Processing,Device,69,954,40,9,282,84,82,1
2024-03-25 14:46:30,D2,"Temp: 37°C, Humidity: 50%",Video Processing,Device,78,5878,43,8,223,56,60,0
